﻿<xml xmlns="http://www.w3.org/1999/xhtml" collection="false">
  <block type="trade" id=")inu*9KBx=?O=ZEkmjl_" x="3" y="-57">
    <field name="MARKET_LIST">forex</field>
    <field name="SUBMARKET_LIST">smart_fx</field>
    <field name="SYMBOL_LIST">WLDUSD</field>
    <field name="TRADETYPECAT_LIST">callput</field>
    <field name="TRADETYPE_LIST">risefall</field>
    <field name="TYPE_LIST">both</field>
    <field name="CANDLEINTERVAL_LIST">60</field>
    <field name="RESTARTONERROR">TRUE</field>
    <statement name="INITIALIZATION">
      <block type="variables_set" id="y|c!U;XKj.wwcPxFJq?+">
        <field name="VAR">NEW TRADE</field>
        <value name="VALUE">
          <block type="math_number" id="A$~nGgZY5%4JawZ.[Az_">
            <field name="NUM">0</field>
          </block>
        </value>
        <next>
          <block type="variables_set" id="[Q`r5T74tO9.[MVHb;cT">
            <field name="VAR">wait</field>
            <value name="VALUE">
              <block type="math_number" id="a|-:~Qo(JHGpF%osYQpc">
                <field name="NUM">0</field>
              </block>
            </value>
            <next>
              <block type="variables_set" id="?b3sKpOxz(zFBscI-H#W">
                <field name="VAR">Num of loss</field>
                <value name="VALUE">
                  <block type="math_number" id=":0eP7GGx.RYJUR:rt,|d">
                    <field name="NUM">1</field>
                  </block>
                </value>
              </block>
            </next>
          </block>
        </next>
      </block>
    </statement>
    <statement name="SUBMARKET">
      <block type="tradeOptions" id="5b_aN=^~/,prmC39TzTo">
        <field name="DURATIONTYPE_LIST">t</field>
        <field name="CURRENCY_LIST">USD</field>
        <value name="DURATION">
          <block type="math_number" id="0p-bjjEuB1k(LNWLaiS]">
            <field name="NUM">5</field>
          </block>
        </value>
        <value name="AMOUNT">
          <block type="math_number" id="DTfXyu/QTmMb$|xg)^b*">
            <field name="NUM">0.5</field>
          </block>
        </value>
      </block>
    </statement>
  </block>
  <block type="variables_set" id="HwybF@M;~_j!nAb4VZxX" disabled="true" x="533" y="87">
    <field name="VAR">wait</field>
    <value name="VALUE">
      <block type="math_number" id="5w|h|bf$-yirPSXTMr]9">
        <field name="NUM">0</field>
      </block>
    </value>
  </block>
  <block type="before_purchase" id="tOc)]Xd=cAm0aiy+-8(8" x="0" y="256">
    <statement name="BEFOREPURCHASE_STACK">
      <block type="controls_if" id="G]~MA%x:}jbXRV9kF*A@">
        <value name="IF0">
          <block type="logic_compare" id="8SZC5W}[`NMYa@?Kr.iy">
            <field name="OP">LTE</field>
            <value name="A">
              <block type="variables_get" id="@lwJEvOzlEEoHY7r//O6">
                <field name="VAR">Num of loss</field>
              </block>
            </value>
            <value name="B">
              <block type="math_number" id="Xnt$l.#5}3!zNehmX1%q">
                <field name="NUM">2</field>
              </block>
            </value>
          </block>
        </value>
        <statement name="DO0">
          <block type="variables_set" id="`3t(^]Q%JR[I07g1Dm+~">
            <field name="VAR">RSI</field>
            <value name="VALUE">
              <block type="rsi" id="12)vm#Jt1@BC2y;m_2n2">
                <value name="INPUT">
                  <block type="ticks" id="]O/r{_:X*c;Vk-U1LE5w"></block>
                </value>
                <value name="PERIOD">
                  <block type="math_number" id="%Q#h^yFk|1g-/zG4WWj5">
                    <field name="NUM">4</field>
                  </block>
                </value>
              </block>
            </value>
            <next>
              <block type="notify" id="Yhb]-sW-Z{|9W~IUS+fW">
                <field name="NOTIFICATION_TYPE">info</field>
                <value name="MESSAGE">
                  <block type="variables_get" id="}lKpAx7pZh:lYV)Mt`hO">
                    <field name="VAR">RSI</field>
                  </block>
                </value>
                <next>
                  <block type="controls_if" id="I7a58h}.Z^,IFF}FQs2(">
                    <mutation elseif="1"></mutation>
                    <value name="IF0">
                      <block type="logic_compare" id="18C_A($#HsxtBG?z8[T~">
                        <field name="OP">GT</field>
                        <value name="A">
                          <block type="variables_get" id="Y%xkp3/yLHGqJqt:w?)D">
                            <field name="VAR">RSI</field>
                          </block>
                        </value>
                        <value name="B">
                          <block type="math_number" id="jM5KnR=4,XutObUzsh]U">
                            <field name="NUM">70</field>
                          </block>
                        </value>
                      </block>
                    </value>
                    <statement name="DO0">
                      <block type="controls_if" id="4GB}mP5#WCqd/8^xvs]{">
                        <value name="IF0">
                          <block type="logic_compare" id="hSqHD*@*zUuj`Y3[[zyh">
                            <field name="OP">NEQ</field>
                            <value name="A">
                              <block type="variables_get" id="6?5BL(QD:%*VAMmvGO:)">
                                <field name="VAR">wait</field>
                              </block>
                            </value>
                            <value name="B">
                              <block type="math_number" id="$Zf;(f87%D*7(yh0_AZ/">
                                <field name="NUM">2</field>
                              </block>
                            </value>
                          </block>
                        </value>
                        <statement name="DO0">
                          <block type="purchase" id="Q;`vp48|v7pG%t@W6`uQ">
                            <field name="PURCHASE_LIST">PUT</field>
                          </block>
                        </statement>
                      </block>
                    </statement>
                    <value name="IF1">
                      <block type="logic_compare" id="F4Rrwr4:NCyYvu~Z,V+(">
                        <field name="OP">LT</field>
                        <value name="A">
                          <block type="variables_get" id="RpsZ|bN%Un0H.fk5e[KX">
                            <field name="VAR">RSI</field>
                          </block>
                        </value>
                        <value name="B">
                          <block type="math_number" id="GA.oW_LjB3VFf!e1!tMk">
                            <field name="NUM">30</field>
                          </block>
                        </value>
                      </block>
                    </value>
                    <statement name="DO1">
                      <block type="controls_if" id="Nlsy)V{PzF`W66|yfgNz">
                        <value name="IF0">
                          <block type="logic_compare" id="Fh;Jy{ifP70QOUdrfQ!L">
                            <field name="OP">NEQ</field>
                            <value name="A">
                              <block type="variables_get" id="ak3d6@Z|@]I5cXopOs9~">
                                <field name="VAR">wait</field>
                              </block>
                            </value>
                            <value name="B">
                              <block type="math_number" id="K9~;QS:W-f_t]i7-}|w-">
                                <field name="NUM">1</field>
                              </block>
                            </value>
                          </block>
                        </value>
                        <statement name="DO0">
                          <block type="purchase" id="Rl~PC9RvL?]-Y}1rroCH">
                            <field name="PURCHASE_LIST">CALL</field>
                          </block>
                        </statement>
                      </block>
                    </statement>
                  </block>
                </next>
              </block>
            </next>
          </block>
        </statement>
        <next>
          <block type="controls_if" id="b-J.p=~1g9)8XN^pCo=z">
            <value name="IF0">
              <block type="logic_compare" id="uOEOD+UD0|/cawtH$-oK">
                <field name="OP">GT</field>
                <value name="A">
                  <block type="variables_get" id="Bw~T!ae.4^3ln_d%xGtz">
                    <field name="VAR">Num of loss</field>
                  </block>
                </value>
                <value name="B">
                  <block type="math_number" id=")uf=##I(ARzRDR26d,}F">
                    <field name="NUM">2</field>
                  </block>
                </value>
              </block>
            </value>
            <statement name="DO0">
              <block type="variables_set" id="pkQ-O5miTa?7=3/xiq/G">
                <field name="VAR">BB up</field>
                <value name="VALUE">
                  <block type="bb" id="#3kF{(hLYwP$Qxy@es=5">
                    <field name="BBRESULT_LIST">1</field>
                    <value name="INPUT">
                      <block type="ticks" id="Tbq^gr$K?M^@]SIc;iW6"></block>
                    </value>
                    <value name="PERIOD">
                      <shadow type="math_number" id="Omix[/KemET=$BPy]|^;">
                        <field name="NUM">18</field>
                      </shadow>
                    </value>
                    <value name="UPMULTIPLIER">
                      <shadow type="math_number" id="U@3I3kBs|$%3W)%Nb4Nm">
                        <field name="NUM">2</field>
                      </shadow>
                    </value>
                    <value name="DOWNMULTIPLIER">
                      <shadow type="math_number" id="`Z-x%fGLW7X#ircm[o3m">
                        <field name="NUM">2</field>
                      </shadow>
                    </value>
                  </block>
                </value>
                <next>
                  <block type="variables_set" id="yC?nk4X`M?!K7p*+^:~L">
                    <field name="VAR">BB low</field>
                    <value name="VALUE">
                      <block type="bb" id="@feN4Iuw@JK1/[{]ig9w">
                        <field name="BBRESULT_LIST">2</field>
                        <value name="INPUT">
                          <block type="ticks" id="m}a]KU`UJ#FO!h`vo_,^"></block>
                        </value>
                        <value name="PERIOD">
                          <shadow type="math_number" id="?y]d5QP1g6M*bq8s]jvG">
                            <field name="NUM">18</field>
                          </shadow>
                        </value>
                        <value name="UPMULTIPLIER">
                          <shadow type="math_number" id="(gdY.ERmg)QH|L(i(P=O">
                            <field name="NUM">2</field>
                          </shadow>
                        </value>
                        <value name="DOWNMULTIPLIER">
                          <shadow type="math_number" id="]X^-8z[1M3~-;i9b:~.K">
                            <field name="NUM">2</field>
                          </shadow>
                        </value>
                      </block>
                    </value>
                    <next>
                      <block type="variables_set" id="q)y##idssc*G9W30(R*d">
                        <field name="VAR">sma_kurz_Ticks</field>
                        <value name="VALUE">
                          <block type="sma" id="F[w3lGc?m6oj3`~#3QO%">
                            <value name="INPUT">
                              <block type="ticks" id="nh1X4SZH(Z6?pCW2/J+n"></block>
                            </value>
                            <value name="PERIOD">
                              <block type="math_number" id="SGApjt2ZMoppab3%:^tn">
                                <field name="NUM">3</field>
                              </block>
                            </value>
                          </block>
                        </value>
                        <next>
                          <block type="variables_set" id="$FCB~2bUX0oF#;DR4%@6">
                            <field name="VAR">sma_lang_Ticks_Space</field>
                            <value name="VALUE">
                              <block type="sma" id="GU*_MfGxVn#now`,XQOP">
                                <value name="INPUT">
                                  <block type="ticks" id="dzZK1o}?!PIuhxH:M#lC"></block>
                                </value>
                                <value name="PERIOD">
                                  <block type="math_number" id="e5G=_M!!FzuJ_9%l`vEw">
                                    <field name="NUM">25</field>
                                  </block>
                                </value>
                              </block>
                            </value>
                            <next>
                              <block type="controls_if" id="6J!xE0ym)a/10VB4fsD+">
                                <value name="IF0">
                                  <block type="logic_compare" id="LKq5B0FW#m@dnS8yE-?l">
                                    <field name="OP">LTE</field>
                                    <value name="A">
                                      <block type="math_arithmetic" id="7FR3iYfK!~dh[h|^7l^b">
                                        <field name="OP">MINUS</field>
                                        <value name="A">
                                          <shadow type="math_number" id="u_8`*9.ojwt8xlW_e$v#">
                                            <field name="NUM">1</field>
                                          </shadow>
                                          <block type="variables_get" id="pB(;Sx}~z;k}CE4X61+!">
                                            <field name="VAR">BB up</field>
                                          </block>
                                        </value>
                                        <value name="B">
                                          <shadow type="math_number" id=",0I1VZRO%],:T]aUPumV">
                                            <field name="NUM">1</field>
                                          </shadow>
                                          <block type="variables_get" id="2FXx,$8GV)^!)Wue4eM]">
                                            <field name="VAR">BB low</field>
                                          </block>
                                        </value>
                                      </block>
                                    </value>
                                    <value name="B">
                                      <block type="math_number" id="=AoJ76a2O6_uAPnQ_s{F">
                                        <field name="NUM">0.03</field>
                                      </block>
                                    </value>
                                  </block>
                                </value>
                                <statement name="DO0">
                                  <block type="variables_set" id="op7HhZf`5q=_O|TfXCr]">
                                    <field name="VAR">NEW TRADE</field>
                                    <value name="VALUE">
                                      <block type="math_number" id="bZ{aN[XFIh3]1/h7b-zM">
                                        <field name="NUM">1</field>
                                      </block>
                                    </value>
                                  </block>
                                </statement>
                                <next>
                                  <block type="notify" id="f+R/Y=/}s?h0HNrrpn7{">
                                    <field name="NOTIFICATION_TYPE">error</field>
                                    <value name="MESSAGE">
                                      <shadow type="text" id="v,!B{H:.V4#)4?Jny+VL">
                                        <field name="TEXT">abc</field>
                                      </shadow>
                                      <block type="text_join" id="ltd66otM((yVk5/Yb@L-">
                                        <mutation items="2"></mutation>
                                        <value name="ADD0">
                                          <block type="text" id="8z/sML5*@/25CcK1@^j7">
                                            <field name="TEXT">NEW TRADE: </field>
                                          </block>
                                        </value>
                                        <value name="ADD1">
                                          <block type="variables_get" id="e#{Nj{bxZ5k|[n|O)579">
                                            <field name="VAR">NEW TRADE</field>
                                          </block>
                                        </value>
                                      </block>
                                    </value>
                                    <next>
                                      <block type="controls_if" id="TS]eIj_BP;2if/i[8dy~">
                                        <value name="IF0">
                                          <block type="logic_compare" id="kOMXwqNl_1m[{[VYQX,I">
                                            <field name="OP">GT</field>
                                            <value name="A">
                                              <block type="variables_get" id="lW%EIq1:JR#Bh/|HUY+4">
                                                <field name="VAR">NEW TRADE</field>
                                              </block>
                                            </value>
                                            <value name="B">
                                              <block type="math_number" id="b(fN~Qcb)BPU#j+7[Mn$">
                                                <field name="NUM">0</field>
                                              </block>
                                            </value>
                                          </block>
                                        </value>
                                        <statement name="DO0">
                                          <block type="controls_if" id="J.#+0C~t2Jh38/b{?@gC">
                                            <value name="IF0">
                                              <block type="logic_compare" id="Aq:(oafRKrxi]Js1?Bmn">
                                                <field name="OP">GTE</field>
                                                <value name="A">
                                                  <block type="math_arithmetic" id="KAZni6;-n_x,Hc/O_iP~">
                                                    <field name="OP">MINUS</field>
                                                    <value name="A">
                                                      <shadow type="math_number" id="u_8`*9.ojwt8xlW_e$v#">
                                                        <field name="NUM">1</field>
                                                      </shadow>
                                                      <block type="variables_get" id="h%C!.73xe[}:q-)4u~{r">
                                                        <field name="VAR">BB up</field>
                                                      </block>
                                                    </value>
                                                    <value name="B">
                                                      <shadow type="math_number" id=",0I1VZRO%],:T]aUPumV">
                                                        <field name="NUM">1</field>
                                                      </shadow>
                                                      <block type="variables_get" id="w-n.S@z=xt$^dfsl)9U7">
                                                        <field name="VAR">BB low</field>
                                                      </block>
                                                    </value>
                                                  </block>
                                                </value>
                                                <value name="B">
                                                  <block type="math_number" id="q_!89(`YxEW*N-}a4/FA">
                                                    <field name="NUM">0.06</field>
                                                  </block>
                                                </value>
                                              </block>
                                            </value>
                                            <statement name="DO0">
                                              <block type="controls_if" id="V)$U}CHR-lizGzPB.dlx">
                                                <value name="IF0">
                                                  <block type="logic_compare" id="}8uFCF8QgmS?}(AOc{,C">
                                                    <field name="OP">GT</field>
                                                    <value name="A">
                                                      <block type="variables_get" id="W;LdcOxlKG|gXw~LPfWX">
                                                        <field name="VAR">sma_kurz_Ticks</field>
                                                      </block>
                                                    </value>
                                                    <value name="B">
                                                      <block type="variables_get" id="x|P/%q7.VXwnD7D~1hG^">
                                                        <field name="VAR">sma_lang_Ticks_Space</field>
                                                      </block>
                                                    </value>
                                                  </block>
                                                </value>
                                                <statement name="DO0">
                                                  <block type="controls_if" id="_?V=iKU][H}j6k|ahj[(">
                                                    <value name="IF0">
                                                      <block type="logic_compare" id="X4cQNGD4bw)Mq0wKLt3W">
                                                        <field name="OP">GTE</field>
                                                        <value name="A">
                                                          <block type="tick" id=")~-xGW%XPMl+N84|C]+b"></block>
                                                        </value>
                                                        <value name="B">
                                                          <block type="variables_get" id="Qg?N59+agBK~6AZ_~^PR">
                                                            <field name="VAR">sma_kurz_Ticks</field>
                                                          </block>
                                                        </value>
                                                      </block>
                                                    </value>
                                                    <statement name="DO0">
                                                      <block type="controls_if" id="t$%UTG~_YP{d:UKn:2/%">
                                                        <value name="IF0">
                                                          <block type="logic_compare" id="Y*WIjMi([89=QoUQh[qz">
                                                            <field name="OP">NEQ</field>
                                                            <value name="A">
                                                              <block type="variables_get" id="T64ZO}M?ddQ1%i9kxf:z">
                                                                <field name="VAR">wait 2</field>
                                                              </block>
                                                            </value>
                                                            <value name="B">
                                                              <block type="math_number" id="Exq5Ip_N[(1@a)wfHtbb">
                                                                <field name="NUM">2</field>
                                                              </block>
                                                            </value>
                                                          </block>
                                                        </value>
                                                        <statement name="DO0">
                                                          <block type="purchase" id="I/SftBBD[C(cgSQzL=O+">
                                                            <field name="PURCHASE_LIST">PUT</field>
                                                          </block>
                                                        </statement>
                                                      </block>
                                                    </statement>
                                                  </block>
                                                </statement>
                                                <next>
                                                  <block type="controls_if" id="|X/eSykF.9._iw{TKxpV">
                                                    <value name="IF0">
                                                      <block type="logic_compare" id="d2AJAG0g~~;3rp~jp9U-">
                                                        <field name="OP">LT</field>
                                                        <value name="A">
                                                          <block type="variables_get" id="cN+8J2rHnQ@;TEIAQ2`=">
                                                            <field name="VAR">sma_kurz_Ticks</field>
                                                          </block>
                                                        </value>
                                                        <value name="B">
                                                          <block type="variables_get" id="W7k=Puq]M!#P+2_G(6(=">
                                                            <field name="VAR">sma_lang_Ticks_Space</field>
                                                          </block>
                                                        </value>
                                                      </block>
                                                    </value>
                                                    <statement name="DO0">
                                                      <block type="controls_if" id="%3]X!2:A5jD4*(!J0`~p">
                                                        <value name="IF0">
                                                          <block type="logic_compare" id="J/AKZLf7/+.}$HOf.G+9">
                                                            <field name="OP">LTE</field>
                                                            <value name="A">
                                                              <block type="tick" id="z[d~q-Iwc:Nl$r{},Kod"></block>
                                                            </value>
                                                            <value name="B">
                                                              <block type="variables_get" id="bNS~WXgoRks%K3%KQ;wk">
                                                                <field name="VAR">sma_kurz_Ticks</field>
                                                              </block>
                                                            </value>
                                                          </block>
                                                        </value>
                                                        <statement name="DO0">
                                                          <block type="controls_if" id="8.M!fV/PL~Sn_[#i*bL3">
                                                            <value name="IF0">
                                                              <block type="logic_compare" id="YZYGg7|s,P_X@z(DJw;#">
                                                                <field name="OP">NEQ</field>
                                                                <value name="A">
                                                                  <block type="variables_get" id="-l25?1(q[?N~8)fQUlIB">
                                                                    <field name="VAR">wait 2</field>
                                                                  </block>
                                                                </value>
                                                                <value name="B">
                                                                  <block type="math_number" id="RnCfSARKH#.T:I$fE5q5">
                                                                    <field name="NUM">1</field>
                                                                  </block>
                                                                </value>
                                                              </block>
                                                            </value>
                                                            <statement name="DO0">
                                                              <block type="purchase" id="`vNT}OFwTmk+Qp!@k?UM">
                                                                <field name="PURCHASE_LIST">CALL</field>
                                                              </block>
                                                            </statement>
                                                          </block>
                                                        </statement>
                                                      </block>
                                                    </statement>
                                                  </block>
                                                </next>
                                              </block>
                                            </statement>
                                          </block>
                                        </statement>
                                      </block>
                                    </next>
                                  </block>
                                </next>
                              </block>
                            </next>
                          </block>
                        </next>
                      </block>
                    </next>
                  </block>
                </next>
              </block>
            </statement>
          </block>
        </next>
      </block>
    </statement>
  </block>
  <block type="variables_set" id="+fHk;]Tm^e!V[H~5h+fF" disabled="true" x="533" y="442">
    <field name="VAR">sma_lang_Ticks</field>
    <value name="VALUE">
      <block type="sma" id="WhS,{lNZUk}r5Bzc8ypL">
        <value name="INPUT">
          <block type="ticks" id="VG:t0Mr.zkhp~7_6]Fv_" disabled="true"></block>
        </value>
        <value name="PERIOD">
          <block type="math_number" id="vho;UWn~jFtKwngE|F`5">
            <field name="NUM">200</field>
          </block>
        </value>
      </block>
    </value>
  </block>
  <block type="controls_if" id="1F$pNtQ~0BID:b~FNN-u" disabled="true" x="618" y="536">
    <value name="IF0">
      <block type="logic_compare" id=".,%2PH;VJO,)WNO-W_P-">
        <field name="OP">GTE</field>
        <value name="A">
          <block type="math_arithmetic" id="An8fil.[.Irmwz051Q55">
            <field name="OP">MINUS</field>
            <value name="A">
              <shadow type="math_number" id="u_8`*9.ojwt8xlW_e$v#">
                <field name="NUM">1</field>
              </shadow>
              <block type="variables_get" id="8TJ,*v8DVOd,V5o`b8#u">
                <field name="VAR">BB up</field>
              </block>
            </value>
            <value name="B">
              <shadow type="math_number" id=",0I1VZRO%],:T]aUPumV">
                <field name="NUM">1</field>
              </shadow>
              <block type="variables_get" id="{.5RUS|HwRJf#(T+}SHp">
                <field name="VAR">BB low</field>
              </block>
            </value>
          </block>
        </value>
        <value name="B">
          <block type="math_number" id="uIXGH@jj^Qou,g.LVfBO">
            <field name="NUM">0.01</field>
          </block>
        </value>
      </block>
    </value>
    <next>
      <block type="controls_if" id="0kyS|lO^Q[w[4M#Cya2E">
        <value name="IF0">
          <block type="logic_compare" id="!FPf0vRr+w{,wSkdjYRh">
            <field name="OP">GT</field>
            <value name="A">
              <block type="variables_get" id="^pNdJDSbKF.bY:J2OvsP">
                <field name="VAR">sma_kurz_Ticks</field>
              </block>
            </value>
            <value name="B">
              <block type="math_arithmetic" id="||A_Uhtw%G?=@P5;Dq`^">
                <field name="OP">ADD</field>
                <value name="A">
                  <shadow type="math_number" id=",Zv70?jhFoU`C9fr=x7H">
                    <field name="NUM">1</field>
                  </shadow>
                  <block type="variables_get" id="j7gI@~pyUYtWEUp_TXL9">
                    <field name="VAR">sma_lang_Ticks_Space</field>
                  </block>
                </value>
                <value name="B">
                  <shadow type="math_number" id="FO@kgjas--tVlXR9Pw`*">
                    <field name="NUM">1</field>
                  </shadow>
                  <block type="math_number" id="zPwyrsYKvN2SLd_c;_rL">
                    <field name="NUM">0.018</field>
                  </block>
                </value>
              </block>
            </value>
          </block>
        </value>
        <next>
          <block type="controls_if" id="sqLn[5K]jY})YIP,MG/o">
            <value name="IF0">
              <block type="logic_compare" id="]F3Ihj#N^gdPJ}lEsGr%">
                <field name="OP">LT</field>
                <value name="A">
                  <block type="variables_get" id="^WILHQ7v`E/nldSY=+[{">
                    <field name="VAR">sma_kurz_Ticks</field>
                  </block>
                </value>
                <value name="B">
                  <block type="math_arithmetic" id="JO0,F$cn+Vc+UMiRGY;I">
                    <field name="OP">MINUS</field>
                    <value name="A">
                      <shadow type="math_number" id=",Zv70?jhFoU`C9fr=x7H">
                        <field name="NUM">1</field>
                      </shadow>
                      <block type="variables_get" id="KpPl%?7I82#W[GzAH^Wg">
                        <field name="VAR">sma_lang_Ticks_Space</field>
                      </block>
                    </value>
                    <value name="B">
                      <shadow type="math_number" id="FO@kgjas--tVlXR9Pw`*">
                        <field name="NUM">1</field>
                      </shadow>
                      <block type="math_number" id="e}Y(p.svmTsB5t5td;8N">
                        <field name="NUM">0.018</field>
                      </block>
                    </value>
                  </block>
                </value>
              </block>
            </value>
          </block>
        </next>
      </block>
    </next>
  </block>
  <block type="controls_if" id="niE)f{WFDKLiOkXOt`[X" disabled="true" x="-631" y="738">
    <mutation else="1"></mutation>
    <value name="IF0">
      <block type="logic_compare" id="hKp7$_?rBIk(7@y41D+0">
        <field name="OP">GTE</field>
        <value name="A">
          <block type="variables_get" id="}C5ydFxwD?!tJ,`}t97F">
            <field name="VAR">Num of loss</field>
          </block>
        </value>
        <value name="B">
          <block type="math_number" id="|^D]nKJ6NH_NtaLBpol:">
            <field name="NUM">2</field>
          </block>
        </value>
      </block>
    </value>
    <statement name="DO0">
      <block type="controls_if" id="5`}h@)|i1IK6;xy;vxyv">
        <value name="IF0">
          <block type="logic_compare" id="r@l:t^+oDzEXC2KCE=?U">
            <field name="OP">GT</field>
            <value name="A">
              <block type="variables_get" id="%sZVoo/{;k,i_:1(5whr">
                <field name="VAR">NEW TRADE</field>
              </block>
            </value>
            <value name="B">
              <block type="math_number" id="99[4,nd[nR3~P_ZHXP$n">
                <field name="NUM">0</field>
              </block>
            </value>
          </block>
        </value>
        <statement name="DO0">
          <block type="controls_if" id="3aOOm1`Y_gS7g$?Ki,Vk">
            <value name="IF0">
              <block type="logic_compare" id="kBX-;]00eA@mbU3|zBgm">
                <field name="OP">GTE</field>
                <value name="A">
                  <block type="math_arithmetic" id="0Z]x/Fhq-.lMJbP=?{~g">
                    <field name="OP">MINUS</field>
                    <value name="A">
                      <shadow type="math_number" id="u_8`*9.ojwt8xlW_e$v#">
                        <field name="NUM">1</field>
                      </shadow>
                      <block type="variables_get" id="*s!VP,)`aB7ScHA1^f}+">
                        <field name="VAR">BB up</field>
                      </block>
                    </value>
                    <value name="B">
                      <shadow type="math_number" id=",0I1VZRO%],:T]aUPumV">
                        <field name="NUM">1</field>
                      </shadow>
                      <block type="variables_get" id="P)tzZ3(RtECN8x/EFF?r">
                        <field name="VAR">BB low</field>
                      </block>
                    </value>
                  </block>
                </value>
                <value name="B">
                  <block type="math_number" id="!nb_Nnz@8{j7X5*=#]3X">
                    <field name="NUM">0.06</field>
                  </block>
                </value>
              </block>
            </value>
            <statement name="DO0">
              <block type="controls_if" id="l8ToGh,i)j]5m[87J0-,">
                <value name="IF0">
                  <block type="logic_compare" id="%Xg%XIW$mGU5]5,5NNoa">
                    <field name="OP">GT</field>
                    <value name="A">
                      <block type="variables_get" id="gP3DojI3Gjm!#LO!H2![">
                        <field name="VAR">sma_kurz_Ticks</field>
                      </block>
                    </value>
                    <value name="B">
                      <block type="variables_get" id="sqgf|0$)=jOS./OaL~/f">
                        <field name="VAR">sma_lang_Ticks_Space</field>
                      </block>
                    </value>
                  </block>
                </value>
                <statement name="DO0">
                  <block type="controls_if" id="Jfhyf)L.y+P:znq$q-zC">
                    <value name="IF0">
                      <block type="logic_compare" id="[?Tc2^56+4Ff+e3P]Ees">
                        <field name="OP">GTE</field>
                        <value name="A">
                          <block type="tick" id=":4ulzA[9A;;1M)w*,S9v" disabled="true"></block>
                        </value>
                        <value name="B">
                          <block type="variables_get" id="{Zr0||rgV=Z5,=.2vbsY">
                            <field name="VAR">sma_kurz_Ticks</field>
                          </block>
                        </value>
                      </block>
                    </value>
                    <statement name="DO0">
                      <block type="purchase" id="mLZ(?v|A1.!^+|`tflm2" disabled="true">
                        <field name="PURCHASE_LIST">PUT</field>
                      </block>
                    </statement>
                  </block>
                </statement>
                <next>
                  <block type="controls_if" id="NJ*BMJttPVyl)`FAT`th">
                    <value name="IF0">
                      <block type="logic_compare" id="shD+OBX1eNRlD?!tjIfV">
                        <field name="OP">LT</field>
                        <value name="A">
                          <block type="variables_get" id="kImgSedFwf%N+Bx/(3A+">
                            <field name="VAR">sma_kurz_Ticks</field>
                          </block>
                        </value>
                        <value name="B">
                          <block type="variables_get" id="lsWJE*..qgG%U3-DJjDx">
                            <field name="VAR">sma_lang_Ticks_Space</field>
                          </block>
                        </value>
                      </block>
                    </value>
                    <statement name="DO0">
                      <block type="controls_if" id="{@ClW[/ru6?%5R6H%7Jv">
                        <value name="IF0">
                          <block type="logic_compare" id="^XD(C:*$H(o`=,`=2+i)">
                            <field name="OP">LTE</field>
                            <value name="A">
                              <block type="tick" id="s]A{n`2=qLslRU]p[NNB" disabled="true"></block>
                            </value>
                            <value name="B">
                              <block type="variables_get" id=",yaH@C/05pY^d.|0wmnc">
                                <field name="VAR">sma_kurz_Ticks</field>
                              </block>
                            </value>
                          </block>
                        </value>
                        <statement name="DO0">
                          <block type="purchase" id="~^XaQE|W3[8~E:y{L8D:" disabled="true">
                            <field name="PURCHASE_LIST">CALL</field>
                          </block>
                        </statement>
                      </block>
                    </statement>
                  </block>
                </next>
              </block>
            </statement>
          </block>
        </statement>
      </block>
    </statement>
  </block>
  <block type="controls_if" id="z_(aVnNp-I_Cn[~;FE`U" disabled="true" x="1321" y="752">
    <value name="IF0">
      <block type="logic_compare" id="w]PJ66$2Ei)kcZoeEcXe">
        <field name="OP">GT</field>
        <value name="A">
          <block type="variables_get" id="Op@M]vW$x)Ot1!XF}9I#">
            <field name="VAR">NEW TRADE</field>
          </block>
        </value>
        <value name="B">
          <block type="math_number" id=",V%xME9y4gJ}J`G2*G?g">
            <field name="NUM">0</field>
          </block>
        </value>
      </block>
    </value>
    <statement name="DO0">
      <block type="controls_if" id="?o[z5b7$GkVk98fovaND">
        <value name="IF0">
          <block type="logic_compare" id="alAZNE0vFu/AB#sn/Bwm">
            <field name="OP">GTE</field>
            <value name="A">
              <block type="math_arithmetic" id="KgIidyk=7Z(iKht~#d#$">
                <field name="OP">MINUS</field>
                <value name="A">
                  <shadow type="math_number" id="u_8`*9.ojwt8xlW_e$v#">
                    <field name="NUM">1</field>
                  </shadow>
                  <block type="variables_get" id="=d4qqNYA)}PbhgnYulSd">
                    <field name="VAR">BB up</field>
                  </block>
                </value>
                <value name="B">
                  <shadow type="math_number" id=",0I1VZRO%],:T]aUPumV">
                    <field name="NUM">1</field>
                  </shadow>
                  <block type="variables_get" id="*F_1kq8x3I(9C6t]}Hnk">
                    <field name="VAR">BB low</field>
                  </block>
                </value>
              </block>
            </value>
            <value name="B">
              <block type="math_number" id="Uqy.W]FiVTPC1},2.ENh">
                <field name="NUM">0.12</field>
              </block>
            </value>
          </block>
        </value>
        <statement name="DO0">
          <block type="controls_if" id="w/HUl{vMJEE_c}cHjXMG">
            <value name="IF0">
              <block type="logic_compare" id="Ypv84QEcu5p~6AXGM.}w">
                <field name="OP">GT</field>
                <value name="A">
                  <block type="variables_get" id="x^)L2:E:skMi(EJgN!fZ">
                    <field name="VAR">sma_kurz_Ticks</field>
                  </block>
                </value>
                <value name="B">
                  <block type="variables_get" id="m^oC;;i(lJZ9jk@lBO:#">
                    <field name="VAR">sma_lang_Ticks_Space</field>
                  </block>
                </value>
              </block>
            </value>
            <statement name="DO0">
              <block type="controls_if" id=",YNv0l_)[*=4vMy](1jF">
                <value name="IF0">
                  <block type="logic_compare" id="Y$5n5)~uNCBGcus?1Il:">
                    <field name="OP">GTE</field>
                    <value name="A">
                      <block type="tick" id="?mVUMK$G#D1l~_|G2~z7" disabled="true"></block>
                    </value>
                    <value name="B">
                      <block type="variables_get" id="sZq3Q{1mV*_*LU!G|5_b">
                        <field name="VAR">sma_kurz_Ticks</field>
                      </block>
                    </value>
                  </block>
                </value>
                <statement name="DO0">
                  <block type="purchase" id="r6wg|FR[42-|?l=W[!e;" disabled="true">
                    <field name="PURCHASE_LIST">PUT</field>
                  </block>
                </statement>
              </block>
            </statement>
            <next>
              <block type="controls_if" id="Uz^uxHjd:x^#.P8{f-d(">
                <value name="IF0">
                  <block type="logic_compare" id="I;:6:(H4ZXDgugJ*Yc^H">
                    <field name="OP">LT</field>
                    <value name="A">
                      <block type="variables_get" id="_rgto{h?{EXQ(lL!;m_M">
                        <field name="VAR">sma_kurz_Ticks</field>
                      </block>
                    </value>
                    <value name="B">
                      <block type="variables_get" id="Paznx,FGWm$}.4zXF~Q4">
                        <field name="VAR">sma_lang_Ticks_Space</field>
                      </block>
                    </value>
                  </block>
                </value>
                <statement name="DO0">
                  <block type="controls_if" id="MP#@Ahz5M!N[E`trYp3A">
                    <value name="IF0">
                      <block type="logic_compare" id="Lemq)=SICH9FQvPw3@lt">
                        <field name="OP">LTE</field>
                        <value name="A">
                          <block type="tick" id="~NJKdANQ9cr?9BeL1_:V" disabled="true"></block>
                        </value>
                        <value name="B">
                          <block type="variables_get" id="6Emlo[;,;kRET{7xb|an">
                            <field name="VAR">sma_kurz_Ticks</field>
                          </block>
                        </value>
                      </block>
                    </value>
                    <statement name="DO0">
                      <block type="purchase" id="Zy-};RCk:Z}~9crw_1nX" disabled="true">
                        <field name="PURCHASE_LIST">CALL</field>
                      </block>
                    </statement>
                  </block>
                </statement>
              </block>
            </next>
          </block>
        </statement>
      </block>
    </statement>
    <next>
      <block type="controls_if" id="hIctSi8CEsa{*!C$uRQB">
        <value name="IF0">
          <block type="logic_compare" id="ZQ?{e1/MOC)88#?Y*{,(">
            <field name="OP">GT</field>
            <value name="A">
              <block type="variables_get" id="PYqiYayV$k8[S$.+KlTn">
                <field name="VAR">NEW TRADE</field>
              </block>
            </value>
            <value name="B">
              <block type="math_number" id="2SxC=J]O;c0at2yCEs[T">
                <field name="NUM">0</field>
              </block>
            </value>
          </block>
        </value>
        <statement name="DO0">
          <block type="variables_set" id="!a_ia?K9Wa2uJ^UY*m}{">
            <field name="VAR">wait</field>
            <value name="VALUE">
              <block type="math_number" id="E5FV3?:7kcX2$lNF$@#d">
                <field name="NUM">0</field>
              </block>
            </value>
          </block>
        </statement>
      </block>
    </next>
  </block>
  <block type="after_purchase" id="X[gun7Sx6Shn3kldC}mZ" x="680" y="844">
    <statement name="AFTERPURCHASE_STACK">
      <block type="controls_if" id="lqaGab=z$DQ76_Nz7f~D">
        <value name="IF0">
          <block type="contract_check_result" id=".NSPy54py.Q(+_7Kga:d">
            <field name="CHECK_RESULT">loss</field>
          </block>
        </value>
        <statement name="DO0">
          <block type="variables_set" id="Rbek(#C=mJ6|$}3[kh^/">
            <field name="VAR">NEW TRADE</field>
            <value name="VALUE">
              <block type="math_number" id="8Ip6`?)sc]4%#F;q+RH%">
                <field name="NUM">0</field>
              </block>
            </value>
            <next>
              <block type="math_change" id="32V_gqAML:MA1|1M(DyB">
                <field name="VAR">Num of loss</field>
                <value name="DELTA">
                  <shadow type="math_number" id="mqKZQ~fDmOpR#9V9H~.B">
                    <field name="NUM">1</field>
                  </shadow>
                  <block type="math_number" id="}NYz;6@t8^o}:iUH^7.K">
                    <field name="NUM">1</field>
                  </block>
                </value>
                <next>
                  <block type="variables_set" id="HZGfl-12fZq_%3/o#Cr`">
                    <field name="VAR">wait 2</field>
                    <value name="VALUE">
                      <block type="math_number" id="*_MHH8+@v-Z(EIp8zMZ2">
                        <field name="NUM">0</field>
                      </block>
                    </value>
                  </block>
                </next>
              </block>
            </next>
          </block>
        </statement>
        <next>
          <block type="controls_if" id="JF1kJnc)iO.HW{1E8L}T">
            <value name="IF0">
              <block type="contract_check_result" id="q!9bfXaEYyl=KX2S5^3y">
                <field name="CHECK_RESULT">win</field>
              </block>
            </value>
            <statement name="DO0">
              <block type="variables_set" id="!M(f}9c$Gj81]]Q%A(}A">
                <field name="VAR">NEW TRADE</field>
                <value name="VALUE">
                  <block type="math_number" id="2]WBEFn(csl5t}X`VuHh">
                    <field name="NUM">0</field>
                  </block>
                </value>
              </block>
            </statement>
            <next>
              <block type="controls_if" id="q(VwdSl1`psbFmG%5HWf">
                <value name="IF0">
                  <block type="contract_check_result" id="j$;{k,q1$.F$zne,OlrK">
                    <field name="CHECK_RESULT">win</field>
                  </block>
                </value>
                <statement name="DO0">
                  <block type="controls_if" id="YMNoV1l@YDd3GR`djzVC">
                    <mutation elseif="1" else="1"></mutation>
                    <value name="IF0">
                      <block type="logic_compare" id="6iAR}-M`_i9g!$H5~@7z">
                        <field name="OP">EQ</field>
                        <value name="A">
                          <block type="read_details" id="fYhvbka`=zw0#P4N5?pa">
                            <field name="DETAIL_INDEX">5</field>
                          </block>
                        </value>
                        <value name="B">
                          <block type="text" id="XEMd)K~qOQ6,lg6YAn%~">
                            <field name="TEXT">CALL</field>
                          </block>
                        </value>
                      </block>
                    </value>
                    <statement name="DO0">
                      <block type="variables_set" id="Uez9x^)uS09n;9ipmGph">
                        <field name="VAR">wait 2</field>
                        <value name="VALUE">
                          <block type="math_number" id="Kxz7TP/3d4_tJR0LiC6z">
                            <field name="NUM">1</field>
                          </block>
                        </value>
                      </block>
                    </statement>
                    <value name="IF1">
                      <block type="logic_compare" id="~2`lPxTPi7P]]c!,$29M">
                        <field name="OP">EQ</field>
                        <value name="A">
                          <block type="read_details" id="v=c$r61t3/L%OFlfb2L7">
                            <field name="DETAIL_INDEX">5</field>
                          </block>
                        </value>
                        <value name="B">
                          <block type="text" id="4jyr*Rx*!teS-yU}w3gK">
                            <field name="TEXT">PUT</field>
                          </block>
                        </value>
                      </block>
                    </value>
                    <statement name="DO1">
                      <block type="variables_set" id="/E.!`iZHJg{N`Vv#Nftu">
                        <field name="VAR">wait 2</field>
                        <value name="VALUE">
                          <block type="math_number" id="u$Krs]c36ud8qnous3:o">
                            <field name="NUM">2</field>
                          </block>
                        </value>
                      </block>
                    </statement>
                    <statement name="ELSE">
                      <block type="variables_set" id="(Le[w$GWu8v7qzGioTB3">
                        <field name="VAR">wait 2</field>
                        <value name="VALUE">
                          <block type="math_number" id="bZ,^/1zU8CWPGd;25Uee">
                            <field name="NUM">0</field>
                          </block>
                        </value>
                      </block>
                    </statement>
                  </block>
                </statement>
                <next>
                  <block type="controls_if" id="DF=V@T~0sf4PSlC6OU?M">
                    <value name="IF0">
                      <block type="contract_check_result" id="`uC[aW,DFt`Y(i2Q55U!">
                        <field name="CHECK_RESULT">loss</field>
                      </block>
                    </value>
                    <statement name="DO0">
                      <block type="controls_if" id="lp1tC@lIGqlzG}iJSF+g">
                        <mutation elseif="1" else="1"></mutation>
                        <value name="IF0">
                          <block type="logic_compare" id="#+ZHWbdTLWbfo(U9Gvvy">
                            <field name="OP">EQ</field>
                            <value name="A">
                              <block type="read_details" id="}!mA|1]XLF/]u!m(_DR_">
                                <field name="DETAIL_INDEX">5</field>
                              </block>
                            </value>
                            <value name="B">
                              <block type="text" id="Jg^~7-0dO12~n)4guct^">
                                <field name="TEXT">CALL</field>
                              </block>
                            </value>
                          </block>
                        </value>
                        <statement name="DO0">
                          <block type="variables_set" id="X#@NN^les!e)i}SKNHBe">
                            <field name="VAR">wait</field>
                            <value name="VALUE">
                              <block type="math_number" id="IOw@I{+!?bYPWv^SI#wy">
                                <field name="NUM">1</field>
                              </block>
                            </value>
                          </block>
                        </statement>
                        <value name="IF1">
                          <block type="logic_compare" id="fINK7LDGP{XXN4~K*cm2">
                            <field name="OP">EQ</field>
                            <value name="A">
                              <block type="read_details" id="G89:B6j|4d.$bERX7%Tu">
                                <field name="DETAIL_INDEX">5</field>
                              </block>
                            </value>
                            <value name="B">
                              <block type="text" id="YRkx;krKFa(Ryu6~]NBq">
                                <field name="TEXT">PUT</field>
                              </block>
                            </value>
                          </block>
                        </value>
                        <statement name="DO1">
                          <block type="variables_set" id="G8NytLYwh%F8dxOAHe/S">
                            <field name="VAR">wait</field>
                            <value name="VALUE">
                              <block type="math_number" id="$zw:;;He?Yt(wT#}d}%)">
                                <field name="NUM">2</field>
                              </block>
                            </value>
                          </block>
                        </statement>
                        <statement name="ELSE">
                          <block type="variables_set" id="tmtRX8TXOW$L97qmeeJ5">
                            <field name="VAR">wait</field>
                            <value name="VALUE">
                              <block type="math_number" id="Ys!+*Y3-QmvR/ukppaM#">
                                <field name="NUM">0</field>
                              </block>
                            </value>
                          </block>
                        </statement>
                      </block>
                    </statement>
                    <next>
                      <block type="controls_if" id="@fLoPg|gt)Wa!^_RYos%">
                        <value name="IF0">
                          <block type="logic_compare" id="S{-Chnf*L+%J5x6t_jE,">
                            <field name="OP">GT</field>
                            <value name="A">
                              <block type="variables_get" id="oBMbfo4eHj@NfnmwI-`)">
                                <field name="VAR">Num of loss</field>
                              </block>
                            </value>
                            <value name="B">
                              <block type="math_number" id="pYFmfw`]D,SU.m73;!na">
                                <field name="NUM">4</field>
                              </block>
                            </value>
                          </block>
                        </value>
                        <statement name="DO0">
                          <block type="variables_set" id=":cMBW-}Btq?_EIy-t;el">
                            <field name="VAR">Num of loss</field>
                            <value name="VALUE">
                              <block type="math_number" id="hHB+k0.%{/U10$i)@s..">
                                <field name="NUM">1</field>
                              </block>
                            </value>
                          </block>
                        </statement>
                        <next>
                          <block type="trade_again" id="SO*X=~i(5H%=zQ5%e+J$"></block>
                        </next>
                      </block>
                    </next>
                  </block>
                </next>
              </block>
            </next>
          </block>
        </next>
      </block>
    </statement>
  </block>
  <block type="notify" id="KVp||9A5#55E2p$OkKY5" disabled="true" x="-572" y="1235">
    <field name="NOTIFICATION_TYPE">success</field>
    <value name="MESSAGE">
      <shadow type="text" id="%vs6nfo|s92l`M!Jy7Ua">
        <field name="TEXT">abc</field>
      </shadow>
      <block type="text_join" id=",gstw:w:%I~M%zQ%6|-A">
        <mutation items="2"></mutation>
        <value name="ADD0">
          <block type="text" id="9bGr*LJXmv}Y1BrCkPm7">
            <field name="TEXT">Spread:</field>
          </block>
        </value>
        <value name="ADD1">
          <block type="math_arithmetic" id="|G}9bl7UWs{5-ad2vL!o">
            <field name="OP">MINUS</field>
            <value name="A">
              <shadow type="math_number" id="u_8`*9.ojwt8xlW_e$v#">
                <field name="NUM">1</field>
              </shadow>
              <block type="variables_get" id="oNtQRw)n`y/KlVB1C_HV">
                <field name="VAR">BB up</field>
              </block>
            </value>
            <value name="B">
              <shadow type="math_number" id=",0I1VZRO%],:T]aUPumV">
                <field name="NUM">1</field>
              </shadow>
              <block type="variables_get" id=";WUI}xK|Et?9?+t-_hx}">
                <field name="VAR">BB low</field>
              </block>
            </value>
          </block>
        </value>
      </block>
    </value>
  </block>
  <block type="controls_if" id="AVT5}SJ#}~+HLYcLRZLK" disabled="true" x="1322" y="1217">
    <mutation else="1"></mutation>
    <value name="IF0">
      <block type="logic_compare" id="FOIO_0cCJ`!;SCBIpZT2">
        <field name="OP">GTE</field>
        <value name="A">
          <block type="variables_get" id="bO%uxqKC0Ck(BZj%Yg73">
            <field name="VAR">Num of loss</field>
          </block>
        </value>
        <value name="B">
          <block type="math_number" id="kYQ=#+.kQr_U%qc8ZllQ">
            <field name="NUM">4</field>
          </block>
        </value>
      </block>
    </value>
    <statement name="DO0">
      <block type="timeout" id="L(bQNxSD9o?/!6-xy`7w" disabled="true">
        <statement name="TIMEOUTSTACK">
          <block type="trade_again" id="`d|Vs-iyr]+8}#oO+zw`" disabled="true"></block>
        </statement>
        <value name="SECONDS">
          <block type="math_number" id="c`dBq3t^MC#kABcnz]eI">
            <field name="NUM">15</field>
          </block>
        </value>
      </block>
    </statement>
    <next>
      <block type="variables_set" id="[mkScux.5V2F3k8E6X.9">
        <field name="VAR">wait</field>
        <value name="VALUE">
          <block type="math_number" id="3X(@TRd+UTE7@t~Z|P0+">
            <field name="NUM">0</field>
          </block>
        </value>
        <next>
          <block type="variables_set" id="dhdKU{-TZ@R+)c0sxD=R">
            <field name="VAR">Num of loss</field>
            <value name="VALUE">
              <block type="math_number" id="eX#:[g%_=~{2xngDBn!7">
                <field name="NUM">0</field>
              </block>
            </value>
          </block>
        </next>
      </block>
    </next>
  </block>
  <block type="logic_compare" id="9V#ch]B])i-EK{G5@8;P" disabled="true" x="1354" y="1508">
    <field name="OP">GTE</field>
    <value name="A">
      <block type="variables_get" id="YcC6R+w*jRscn:,:NVg|">
        <field name="VAR">Num of loss</field>
      </block>
    </value>
    <value name="B">
      <block type="math_number" id="Ip/;{KE5sIXTMAIWz`z~">
        <field name="NUM">4</field>
      </block>
    </value>
  </block>
</xml>