﻿<xml xmlns="http://www.w3.org/1999/xhtml" collection="false">
  <variables>
    <variable type="" id="NH*C)e#Sz;%GCMkQ},BP">Var_X</variable>
    <variable type="" id=",P!w3:G3D~vP~%e1OBLT">list</variable>
    <variable type="" id="])1^7JO=(F~IEty-9tW7">_List2</variable>
    <variable type="" id="WIv}dgCY;Tgls{!g6;Wy">JmlTick</variable>
    <variable type="" id="]ss.y+t$aA{I6ZNi(jAW">Mundur</variable>
    <variable type="" id="tT$pkwXt$RAf!*qPg,TG">MinModal</variable>
    <variable type="" id="WCLb=A9]^R-g+qjmGq@A">Modal</variable>
    <variable type="" id="RX$G)C}e36;QN(Ie[6VP">Var_Y</variable>
    <variable type="" id="WP^w?Y%]@@Z`LfvH!s%+">_List1</variable>
    <variable type="" id="skDaC6$}F/qvQ|+WW]gp">TotalLaba</variable>
    <variable type="" id="S5B`qR39R5tT3[)};.!/">Jml_WIN</variable>
    <variable type="" id="cSk0f1hm2hv(xP_h)cm2">i</variable>
    <variable type="" id="c/kN9G,8!XF(z%,/U0B{">Jml_LOSE</variable>
    <variable type="" id="%agUa5H-V7NDZD1eHg4A">IS_TRENDUP</variable>
    <variable type="" id="Ap~5uG#B_N.M[@ib*4S1">AVG_SUDUT</variable>
  </variables>
  <block type="trade" id="xgH69|xFn9=70w.*3Vo@" x="0" y="0">
    <field name="MARKET_LIST">volidx</field>
    <field name="SUBMARKET_LIST">random_index</field>
    <field name="SYMBOL_LIST">R_10</field>
    <field name="TRADETYPECAT_LIST">callput</field>
    <field name="TRADETYPE_LIST">risefall</field>
    <field name="TYPE_LIST">both</field>
    <field name="CANDLEINTERVAL_LIST">60</field>
    <field name="TIME_MACHINE_ENABLED">FALSE</field>
    <field name="RESTARTONERROR">TRUE</field>
    <statement name="INITIALIZATION">
      <block type="variables_set" id="7SNt*c]sHB-a$iaN![eD">
        <field name="VAR" id="tT$pkwXt$RAf!*qPg,TG" variabletype="">MinModal</field>
        <value name="VALUE">
          <block type="math_number" id="7mV{^DT6dxxX#pWX+ek?">
            <field name="NUM">0.35</field>
          </block>
        </value>
        <next>
          <block type="procedures_callnoreturn" id="30D|kS;vH|:5VFVt+?Wp">
            <mutation name="InitVar"></mutation>
          </block>
        </next>
      </block>
    </statement>
    <statement name="SUBMARKET">
      <block type="tradeOptions" id="x=V33~4Lb|(sLv`J[:Eb">
        <field name="DURATIONTYPE_LIST">t</field>
        <field name="CURRENCY_LIST">USD</field>
        <value name="DURATION">
          <shadow type="math_number" id="O*@58sDc=!cOO}*b2vf9">
            <field name="NUM">5</field>
          </shadow>
        </value>
        <value name="AMOUNT">
          <shadow type="math_number" id="ml)25~7^q}3I9}vjf:%K">
            <field name="NUM">1</field>
          </shadow>
          <block type="variables_get" id="}H?^Y=^|jnm+$VKIfGF!">
            <field name="VAR" id="WCLb=A9]^R-g+qjmGq@A" variabletype="">Modal</field>
          </block>
        </value>
      </block>
    </statement>
  </block>
  <block type="procedures_defnoreturn" id="N~Yz|[X5TJ(T42=omb[F" collapsed="true" x="0" y="443">
    <field name="NAME">InitVar</field>
    <comment pinned="false" h="80" w="160">Describe this function...</comment>
    <statement name="STACK">
      <block type="variables_set" id="%TOZko@e=hkVC}*8eWB`">
        <field name="VAR" id="WCLb=A9]^R-g+qjmGq@A" variabletype="">Modal</field>
        <value name="VALUE">
          <block type="variables_get" id="3uE?y9$]7*s9R29jkzRJ">
            <field name="VAR" id="tT$pkwXt$RAf!*qPg,TG" variabletype="">MinModal</field>
          </block>
        </value>
        <next>
          <block type="variables_set" id="33%cQQulWgF;@]WFzLG~">
            <field name="VAR" id="S5B`qR39R5tT3[)};.!/" variabletype="">Jml_WIN</field>
            <value name="VALUE">
              <block type="math_number" id="(ah$3$B)lFIB|XPWq[5G">
                <field name="NUM">0</field>
              </block>
            </value>
            <next>
              <block type="variables_set" id="]51E`0;+Bl7Oc]s):T[Y">
                <field name="VAR" id="c/kN9G,8!XF(z%,/U0B{" variabletype="">Jml_LOSE</field>
                <value name="VALUE">
                  <block type="math_number" id="lTP}Sa{;uwJ!0Dq+t[n=">
                    <field name="NUM">0</field>
                  </block>
                </value>
                <next>
                  <block type="variables_set" id="b6v=3osE{$!tWc?hPWa%">
                    <field name="VAR" id="skDaC6$}F/qvQ|+WW]gp" variabletype="">TotalLaba</field>
                    <value name="VALUE">
                      <block type="math_number" id="US[plEya_(shlL,E|slF">
                        <field name="NUM">0</field>
                      </block>
                    </value>
                  </block>
                </next>
              </block>
            </next>
          </block>
        </next>
      </block>
    </statement>
  </block>
  <block type="procedures_defreturn" id="W$Axb,2IvCzUXrZ_ggko" collapsed="true" x="0" y="496">
    <mutation>
      <arg name="Var_X" varid="NH*C)e#Sz;%GCMkQ},BP"></arg>
    </mutation>
    <field name="NAME">Bulat2Desimal</field>
    <comment pinned="false" h="80" w="160">Describe this function...</comment>
    <value name="RETURN">
      <block type="math_arithmetic" id="i`)ykQ5Y?t`[n]sf$$!.">
        <field name="OP">DIVIDE</field>
        <value name="A">
          <shadow type="math_number" id="SG_Nnm`{b,.Dld5j;b]*">
            <field name="NUM">1</field>
          </shadow>
          <block type="math_round" id="VAcWYeiQ+SrLEp~.z-OY">
            <field name="OP">ROUND</field>
            <value name="NUM">
              <shadow type="math_number" id="U(.3uQwGG%Tz^+k5R(fY">
                <field name="NUM">3.1</field>
              </shadow>
              <block type="math_arithmetic" id="JxxR5V{-ES+f/od_luQq">
                <field name="OP">MULTIPLY</field>
                <value name="A">
                  <shadow type="math_number" id="fFEGg@1Q/uCU@]w_*Xs`">
                    <field name="NUM">1</field>
                  </shadow>
                  <block type="variables_get" id="rBJ2sp#HEOwn}9P[K$,T">
                    <field name="VAR" id="NH*C)e#Sz;%GCMkQ},BP" variabletype="">Var_X</field>
                  </block>
                </value>
                <value name="B">
                  <shadow type="math_number" id="SBgRv8TrJ?]AcIL`rL;N">
                    <field name="NUM">100</field>
                  </shadow>
                </value>
              </block>
            </value>
          </block>
        </value>
        <value name="B">
          <shadow type="math_number" id="d%6gB#xf`O[pV(AV$]kQ">
            <field name="NUM">100</field>
          </shadow>
        </value>
      </block>
    </value>
  </block>
  <block type="procedures_defreturn" id="BNn1=V|:E7]ui%#fnd;O" collapsed="true" x="0" y="549">
    <mutation>
      <arg name="list" varid=",P!w3:G3D~vP~%e1OBLT"></arg>
    </mutation>
    <field name="NAME">CariSudut</field>
    <comment pinned="false" h="80" w="160">Describe this function...</comment>
    <statement name="STACK">
      <block type="variables_set" id="{-GMOj!`OCf~#QcI3#dn">
        <field name="VAR" id="RX$G)C}e36;QN(Ie[6VP" variabletype="">Var_Y</field>
        <value name="VALUE">
          <block type="procedures_callreturn" id="C~baSdz,[^i#/0KnVZ+?">
            <mutation name="Bulat2Desimal">
              <arg name="Var_X"></arg>
            </mutation>
            <value name="ARG0">
              <block type="math_single" id="v8ub-9_h[H/sSK~5P)-*">
                <field name="OP">ABS</field>
                <value name="NUM">
                  <shadow type="math_number" id="ENLCvz;GkLTlB!={(X!0">
                    <field name="NUM">9</field>
                  </shadow>
                  <block type="math_arithmetic" id="NL{}p3XPF[oRMyw4%|@+" inline="false">
                    <field name="OP">MINUS</field>
                    <value name="A">
                      <shadow type="math_number" id="LR!EM{Y.K0Hg;Bk{(IQ9">
                        <field name="NUM">1</field>
                      </shadow>
                      <block type="lists_getIndex" id="-guwVRaA6rk!Fs6jM^/y">
                        <mutation statement="false" at="false"></mutation>
                        <field name="MODE">GET</field>
                        <field name="WHERE">LAST</field>
                        <value name="VALUE">
                          <block type="variables_get" id="zf2j`8u{e:Q~}~va19,Z">
                            <field name="VAR" id=",P!w3:G3D~vP~%e1OBLT" variabletype="">list</field>
                          </block>
                        </value>
                      </block>
                    </value>
                    <value name="B">
                      <shadow type="math_number" id="a*#Wy8`XN5kYRA!5?Eq[">
                        <field name="NUM">1</field>
                      </shadow>
                      <block type="lists_getIndex" id="f#9q@WvBZX,[j!$H^V2T">
                        <mutation statement="false" at="false"></mutation>
                        <field name="MODE">GET</field>
                        <field name="WHERE">FIRST</field>
                        <value name="VALUE">
                          <block type="variables_get" id="z64Dw`-p[^PIDQ3;Sk4/">
                            <field name="VAR" id=",P!w3:G3D~vP~%e1OBLT" variabletype="">list</field>
                          </block>
                        </value>
                      </block>
                    </value>
                  </block>
                </value>
              </block>
            </value>
          </block>
        </value>
      </block>
    </statement>
    <value name="RETURN">
      <block type="math_trig" id="c1L/6LYgBz($29x?06,[">
        <field name="OP">ATAN</field>
        <value name="NUM">
          <shadow type="math_number" id="qqg_*#!@Pu7C?8Z6-!Bz">
            <field name="NUM">45</field>
          </shadow>
          <block type="math_arithmetic" id="A.EN#XS/;{gE82_mMGit">
            <field name="OP">DIVIDE</field>
            <value name="A">
              <shadow type="math_number" id=":V{Y^5]Aozp%;b)%P*uo">
                <field name="NUM">1</field>
              </shadow>
              <block type="math_arithmetic" id="y;I-`bFzrxY?6AoGyVtu" inline="false">
                <field name="OP">ADD</field>
                <value name="A">
                  <shadow type="math_number" id="/8a%n$f;1Y6rhFAO*iiU">
                    <field name="NUM">1</field>
                  </shadow>
                  <block type="variables_get" id="CJ8.#l)_7!Ve]-IvoS2|">
                    <field name="VAR" id="RX$G)C}e36;QN(Ie[6VP" variabletype="">Var_Y</field>
                  </block>
                </value>
                <value name="B">
                  <shadow type="math_number" id="9NUo:AgUse=Y==TK/wm)">
                    <field name="NUM">10</field>
                  </shadow>
                </value>
              </block>
            </value>
            <value name="B">
              <shadow type="math_number" id="k]!nM;eq33Jw*XcRp^SC">
                <field name="NUM">1</field>
              </shadow>
              <block type="lists_length" id="W_9|6ssw@{N7}wlhoN[-">
                <value name="VALUE">
                  <block type="variables_get" id="8u:x|[KhV=$qhhz83f|b">
                    <field name="VAR" id=",P!w3:G3D~vP~%e1OBLT" variabletype="">list</field>
                  </block>
                </value>
              </block>
            </value>
          </block>
        </value>
      </block>
    </value>
  </block>
  <block type="procedures_defnoreturn" id=",?`vUxOU6^T_c7$m;ay," collapsed="true" x="0" y="602">
    <mutation>
      <arg name="_List2" varid="])1^7JO=(F~IEty-9tW7"></arg>
      <arg name="JmlTick" varid="WIv}dgCY;Tgls{!g6;Wy"></arg>
      <arg name="Mundur" varid="]ss.y+t$aA{I6ZNi(jAW"></arg>
    </mutation>
    <field name="NAME">RATA-RATA_SUDUT</field>
    <comment pinned="false" h="80" w="160">Describe this function...</comment>
    <statement name="STACK">
      <block type="variables_set" id="b.3-GWj~GiD*SzRg,d/m">
        <field name="VAR" id="WP^w?Y%]@@Z`LfvH!s%+" variabletype="">_List1</field>
        <value name="VALUE">
          <block type="lists_create_with" id=".1EUpaMe`F[[)]INB9vP">
            <mutation items="0"></mutation>
          </block>
        </value>
        <next>
          <block type="controls_for" id="QIu)AJ0cILpuHfBOzJFT">
            <field name="VAR" id="cSk0f1hm2hv(xP_h)cm2" variabletype="">i</field>
            <value name="FROM">
              <block type="math_number" id="4V==8Ke$YA?Cz%3Fp)c`">
                <field name="NUM">1</field>
              </block>
            </value>
            <value name="TO">
              <block type="variables_get" id="6o)@.0r2xWXc:_o!dh#o">
                <field name="VAR" id="]ss.y+t$aA{I6ZNi(jAW" variabletype="">Mundur</field>
              </block>
            </value>
            <value name="BY">
              <block type="math_number" id="{YwYdkHJ5ZYI$G]hTmqN">
                <field name="NUM">1</field>
              </block>
            </value>
            <statement name="DO">
              <block type="lists_setIndex" id="t?DN[pDLLgc`a]P8+?.b">
                <mutation at="false"></mutation>
                <field name="MODE">INSERT</field>
                <field name="WHERE">FIRST</field>
                <value name="LIST">
                  <block type="variables_get" id="O*#EAdjn7On+PoeOHtFO">
                    <field name="VAR" id="WP^w?Y%]@@Z`LfvH!s%+" variabletype="">_List1</field>
                  </block>
                </value>
                <value name="TO">
                  <block type="procedures_callreturn" id="3r3jxqg[kASLvI9YI^e=">
                    <mutation name="CariSudut">
                      <arg name="list"></arg>
                    </mutation>
                    <value name="ARG0">
                      <block type="lists_getSublist" id="6Dc?ExzV.*iKzg~[ehy]" inline="false">
                        <mutation at1="true" at2="true"></mutation>
                        <field name="WHERE1">FROM_END</field>
                        <field name="WHERE2">FROM_END</field>
                        <value name="LIST">
                          <block type="variables_get" id=",*m)*/B!mF?)YOV}|uhY">
                            <field name="VAR" id="])1^7JO=(F~IEty-9tW7" variabletype="">_List2</field>
                          </block>
                        </value>
                        <value name="AT1">
                          <block type="math_arithmetic" id="pT69?m;fv,o6YBe-)dvq">
                            <field name="OP">ADD</field>
                            <value name="A">
                              <shadow type="math_number" id="[.bPIf!|0Wds~C|bY;3S">
                                <field name="NUM">1</field>
                              </shadow>
                              <block type="variables_get" id="bgrkA9DxQ`cB~*/:g8iE">
                                <field name="VAR" id="cSk0f1hm2hv(xP_h)cm2" variabletype="">i</field>
                              </block>
                            </value>
                            <value name="B">
                              <shadow type="math_number" id="Nz.)2EoA-?,ERGq$q$v@">
                                <field name="NUM">1</field>
                              </shadow>
                              <block type="variables_get" id="U/Hxv^ira4Seyva%EfPa">
                                <field name="VAR" id="WIv}dgCY;Tgls{!g6;Wy" variabletype="">JmlTick</field>
                              </block>
                            </value>
                          </block>
                        </value>
                        <value name="AT2">
                          <block type="variables_get" id="{xm%GMPH(7YT.f$U.0{F">
                            <field name="VAR" id="cSk0f1hm2hv(xP_h)cm2" variabletype="">i</field>
                          </block>
                        </value>
                      </block>
                    </value>
                  </block>
                </value>
              </block>
            </statement>
            <next>
              <block type="variables_set" id="aN:LseoBuWSX6(`]/*pn">
                <field name="VAR" id="%agUa5H-V7NDZD1eHg4A" variabletype="">IS_TRENDUP</field>
                <value name="VALUE">
                  <block type="logic_compare" id=",,bGeXQ4{7q+@d07MKtI" inline="false">
                    <field name="OP">LT</field>
                    <value name="A">
                      <block type="lists_getIndex" id=".S;%]dGh2V+}y%_7Esae">
                        <mutation statement="false" at="true"></mutation>
                        <field name="MODE">GET</field>
                        <field name="WHERE">FROM_END</field>
                        <value name="VALUE">
                          <block type="variables_get" id="MdJ~W*c2EQ^m7l6!Oyxy">
                            <field name="VAR" id="])1^7JO=(F~IEty-9tW7" variabletype="">_List2</field>
                          </block>
                        </value>
                        <value name="AT">
                          <block type="math_arithmetic" id="sXi{-Gh4EJwH~)*9$lXq">
                            <field name="OP">ADD</field>
                            <value name="A">
                              <shadow type="math_number" id="[.bPIf!|0Wds~C|bY;3S">
                                <field name="NUM">1</field>
                              </shadow>
                              <block type="variables_get" id="[}M0HW,~MO!XNTO#zfVh">
                                <field name="VAR" id="]ss.y+t$aA{I6ZNi(jAW" variabletype="">Mundur</field>
                              </block>
                            </value>
                            <value name="B">
                              <shadow type="math_number" id="Nz.)2EoA-?,ERGq$q$v@">
                                <field name="NUM">1</field>
                              </shadow>
                              <block type="variables_get" id="0+eZ$U#5g,Hhz1Ge8464">
                                <field name="VAR" id="WIv}dgCY;Tgls{!g6;Wy" variabletype="">JmlTick</field>
                              </block>
                            </value>
                          </block>
                        </value>
                      </block>
                    </value>
                    <value name="B">
                      <block type="lists_getIndex" id="*v+er]M`:[(nU~]qdf~/">
                        <mutation statement="false" at="false"></mutation>
                        <field name="MODE">GET</field>
                        <field name="WHERE">LAST</field>
                        <value name="VALUE">
                          <block type="variables_get" id="SKUy=o7l|#xP,7EgMJ)b">
                            <field name="VAR" id="])1^7JO=(F~IEty-9tW7" variabletype="">_List2</field>
                          </block>
                        </value>
                      </block>
                    </value>
                  </block>
                </value>
                <next>
                  <block type="variables_set" id="/f$O9UF7/Fj=?K%!T!?@">
                    <field name="VAR" id="Ap~5uG#B_N.M[@ib*4S1" variabletype="">AVG_SUDUT</field>
                    <value name="VALUE">
                      <block type="math_on_list" id="96h*aA!soRi]cQ@B@=lT">
                        <mutation op="AVERAGE"></mutation>
                        <field name="OP">AVERAGE</field>
                        <value name="LIST">
                          <block type="variables_get" id="YqAN5/oti8IMqYKMZ9Rx">
                            <field name="VAR" id="WP^w?Y%]@@Z`LfvH!s%+" variabletype="">_List1</field>
                          </block>
                        </value>
                      </block>
                    </value>
                  </block>
                </next>
              </block>
            </next>
          </block>
        </next>
      </block>
    </statement>
  </block>
  <block type="before_purchase" id="i-CIx.(Onm4?ihxzA}Y]" x="0" y="655">
    <statement name="BEFOREPURCHASE_STACK">
      <block type="procedures_callnoreturn" id="[Kt=@U!bz=95Rh@=@?mv">
        <mutation name="RATA-RATA_SUDUT">
          <arg name="_List2"></arg>
          <arg name="JmlTick"></arg>
          <arg name="Mundur"></arg>
        </mutation>
        <value name="ARG0">
          <block type="ticks" id="qc5tL%cEGm:wkN2qiUqx"></block>
        </value>
        <value name="ARG1">
          <block type="math_number" id="~)FP$/i%VKN?*zHoN!$5">
            <field name="NUM">19</field>
          </block>
        </value>
        <value name="ARG2">
          <block type="math_number" id="W5j6K{C?TTn:RvG.IVWa">
            <field name="NUM">23</field>
          </block>
        </value>
        <next>
          <block type="notify" id="n:g]z5=wn?Nz2Wtx:hlQ">
            <field name="NOTIFICATION_TYPE">success</field>
            <field name="NOTIFICATION_SOUND">silent</field>
            <value name="MESSAGE">
              <shadow type="text" id="^Br(lmo~p4E#1*=9Pl`b">
                <field name="TEXT">abc</field>
              </shadow>
              <block type="text_join" id="T{%Tp?G[@`y6nCsQwION">
                <mutation items="2"></mutation>
                <value name="ADD0">
                  <block type="variables_get" id="Oc);-RFjCI1kHzm|,}0a">
                    <field name="VAR" id="%agUa5H-V7NDZD1eHg4A" variabletype="">IS_TRENDUP</field>
                  </block>
                </value>
                <value name="ADD1">
                  <block type="variables_get" id="#4${2+~ltoM2fqkV-j40">
                    <field name="VAR" id="Ap~5uG#B_N.M[@ib*4S1" variabletype="">AVG_SUDUT</field>
                  </block>
                </value>
              </block>
            </value>
            <next>
              <block type="controls_if" id=";^6F`)1rNgHsTX9}FYoa">
                <value name="IF0">
                  <block type="logic_operation" id="1I)1Zw!B%r@sSx#nW@!O" inline="false">
                    <field name="OP">AND</field>
                    <value name="A">
                      <block type="logic_compare" id="N[NK[,a]hb!Z]SG}OTz4">
                        <field name="OP">GTE</field>
                        <value name="A">
                          <block type="variables_get" id="[h(iK(O5XJZxQtk1/0gV">
                            <field name="VAR" id="Ap~5uG#B_N.M[@ib*4S1" variabletype="">AVG_SUDUT</field>
                          </block>
                        </value>
                        <value name="B">
                          <block type="math_number" id="F7_9.Vu]Ah%+$APQZ4c?">
                            <field name="NUM">44.9</field>
                          </block>
                        </value>
                      </block>
                    </value>
                    <value name="B">
                      <block type="logic_compare" id=";#[:`.Z(9okzq(`0V^SU">
                        <field name="OP">LTE</field>
                        <value name="A">
                          <block type="variables_get" id="E{:2=(BqkLRy:#YmJCYW">
                            <field name="VAR" id="Ap~5uG#B_N.M[@ib*4S1" variabletype="">AVG_SUDUT</field>
                          </block>
                        </value>
                        <value name="B">
                          <block type="math_number" id="b5f2SJn-Ntw2J;qM1^]5">
                            <field name="NUM">45.9</field>
                          </block>
                        </value>
                      </block>
                    </value>
                  </block>
                </value>
                <statement name="DO0">
                  <block type="controls_if" id="7VmkAT8#M;r92pXrYIp$">
                    <mutation else="1"></mutation>
                    <value name="IF0">
                      <block type="variables_get" id="3kGsmXf~$pR}4a8Dcpj[">
                        <field name="VAR" id="%agUa5H-V7NDZD1eHg4A" variabletype="">IS_TRENDUP</field>
                      </block>
                    </value>
                    <statement name="DO0">
                      <block type="purchase" id="7%NS0HQ[X[sqQn*RT.$3">
                        <field name="PURCHASE_LIST">PUT</field>
                      </block>
                    </statement>
                    <statement name="ELSE">
                      <block type="purchase" id="_(F^eEZS7mrDO^p#Nwbl">
                        <field name="PURCHASE_LIST">CALL</field>
                      </block>
                    </statement>
                  </block>
                </statement>
              </block>
            </next>
          </block>
        </next>
      </block>
    </statement>
  </block>
  <block type="after_purchase" id="D^Jz1^n=2vtZku1vBN@;" collapsed="true" x="0" y="1138">
    <statement name="AFTERPURCHASE_STACK">
      <block type="math_change" id="6?x)Gt)3*,T}eY4t;oh^">
        <field name="VAR" id="skDaC6$}F/qvQ|+WW]gp" variabletype="">TotalLaba</field>
        <value name="DELTA">
          <shadow type="math_number" id="|rm~`toUL]uqt[BAQ`oG">
            <field name="NUM">1</field>
          </shadow>
          <block type="read_details" id="Z5-r4(chZ]+lN!KWeul9">
            <field name="DETAIL_INDEX">4</field>
          </block>
        </value>
        <next>
          <block type="controls_if" id="kHDSb;aMB-){*rR=:)Ls">
            <mutation else="1"></mutation>
            <value name="IF0">
              <block type="contract_check_result" id="+5NkchPCvlFS*~~O!}zX">
                <field name="CHECK_RESULT">win</field>
              </block>
            </value>
            <statement name="DO0">
              <block type="math_change" id="!+}Lc}aMatwukhhe6t*(">
                <field name="VAR" id="S5B`qR39R5tT3[)};.!/" variabletype="">Jml_WIN</field>
                <value name="DELTA">
                  <shadow type="math_number" id=".0_~wDtI_jLj92SUn`L.">
                    <field name="NUM">1</field>
                  </shadow>
                </value>
                <next>
                  <block type="controls_if" id="q3F#ya4Rk:Vq_EC`H7E#">
                    <mutation else="1"></mutation>
                    <value name="IF0">
                      <block type="logic_compare" id="h;oa)+QF0!r%uVNs4$v.">
                        <field name="OP">LT</field>
                        <value name="A">
                          <block type="variables_get" id="^JIPWVd!;5i?k}4fcZ8G">
                            <field name="VAR" id="S5B`qR39R5tT3[)};.!/" variabletype="">Jml_WIN</field>
                          </block>
                        </value>
                        <value name="B">
                          <block type="math_number" id="6xdS(C.Swm.:u1)IsaEU">
                            <field name="NUM">2</field>
                          </block>
                        </value>
                      </block>
                    </value>
                    <statement name="DO0">
                      <block type="variables_set" id="ECP[ckewoz_0!;BS:*Go">
                        <field name="VAR" id="WCLb=A9]^R-g+qjmGq@A" variabletype="">Modal</field>
                        <value name="VALUE">
                          <block type="read_details" id="TQ!VF{j[ghMJAvkJC7yu">
                            <field name="DETAIL_INDEX">3</field>
                          </block>
                        </value>
                      </block>
                    </statement>
                    <statement name="ELSE">
                      <block type="variables_set" id="Hdg[8OZk~_D7+|[Vxg`R">
                        <field name="VAR" id="S5B`qR39R5tT3[)};.!/" variabletype="">Jml_WIN</field>
                        <value name="VALUE">
                          <block type="math_number" id="ZVRC[l3/bLybxG#n$!Yl">
                            <field name="NUM">0</field>
                          </block>
                        </value>
                        <next>
                          <block type="variables_set" id="(H)QCgJ3jmBv7[aYcUPw">
                            <field name="VAR" id="WCLb=A9]^R-g+qjmGq@A" variabletype="">Modal</field>
                            <value name="VALUE">
                              <block type="variables_get" id="bbU~CSPV*B`v[19^5p8V">
                                <field name="VAR" id="tT$pkwXt$RAf!*qPg,TG" variabletype="">MinModal</field>
                              </block>
                            </value>
                          </block>
                        </next>
                      </block>
                    </statement>
                    <next>
                      <block type="variables_set" id="[zbLdLyoRy10PB#wTo0Y">
                        <field name="VAR" id="c/kN9G,8!XF(z%,/U0B{" variabletype="">Jml_LOSE</field>
                        <value name="VALUE">
                          <block type="math_number" id="aEcxgWfj$tvc;8PT*X4m">
                            <field name="NUM">0</field>
                          </block>
                        </value>
                        <next>
                          <block type="notify" id="_noZ@GZ`RsE]X5YQu?q}">
                            <field name="NOTIFICATION_TYPE">warn</field>
                            <field name="NOTIFICATION_SOUND">earned-money</field>
                            <value name="MESSAGE">
                              <shadow type="text" id="RZN{g%Y_I`UJ7#1t4DB.">
                                <field name="TEXT">Hore! ASTUNGKARA</field>
                              </shadow>
                            </value>
                          </block>
                        </next>
                      </block>
                    </next>
                  </block>
                </next>
              </block>
            </statement>
            <statement name="ELSE">
              <block type="math_change" id="gBrnKd1v-fjllS1?jaIw">
                <field name="VAR" id="c/kN9G,8!XF(z%,/U0B{" variabletype="">Jml_LOSE</field>
                <value name="DELTA">
                  <shadow type="math_number" id="i7#A5aFkWM3`a$K5W|Gs">
                    <field name="NUM">1</field>
                  </shadow>
                </value>
                <next>
                  <block type="variables_set" id="~FuC:alxz~[eUvhMesKX">
                    <field name="VAR" id="S5B`qR39R5tT3[)};.!/" variabletype="">Jml_WIN</field>
                    <value name="VALUE">
                      <block type="math_number" id="?NnmM/L1%XLhrW5=r^X0">
                        <field name="NUM">4</field>
                      </block>
                    </value>
                    <next>
                      <block type="controls_if" id="I{;+kp_f|;%|hY5MyC8j">
                        <mutation else="1"></mutation>
                        <value name="IF0">
                          <block type="logic_compare" id="xQx1lp=vTaa9/`$EW)v?">
                            <field name="OP">GT</field>
                            <value name="A">
                              <block type="variables_get" id="xP6,3=y9RkG`I`:Kysou">
                                <field name="VAR" id="c/kN9G,8!XF(z%,/U0B{" variabletype="">Jml_LOSE</field>
                              </block>
                            </value>
                            <value name="B">
                              <block type="math_number" id="x_p[L?msoTlEPx^VM5-B">
                                <field name="NUM">1</field>
                              </block>
                            </value>
                          </block>
                        </value>
                        <statement name="DO0">
                          <block type="math_change" id="R[(@M~Mt!hCARryFfH*=">
                            <field name="VAR" id="WCLb=A9]^R-g+qjmGq@A" variabletype="">Modal</field>
                            <value name="DELTA">
                              <shadow type="math_number" id="tkyn#kIxVEG5!rIC2,a6">
                                <field name="NUM">1</field>
                              </shadow>
                              <block type="math_arithmetic" id="{PPdSg[R4}W%c//lnJkt">
                                <field name="OP">MULTIPLY</field>
                                <value name="A">
                                  <shadow type="math_number" id="^1)WguFC8c[%ZINpm[)V">
                                    <field name="NUM">1</field>
                                  </shadow>
                                  <block type="variables_get" id="crZ?skTwdPY/?a#Y{Ohs">
                                    <field name="VAR" id="WCLb=A9]^R-g+qjmGq@A" variabletype="">Modal</field>
                                  </block>
                                </value>
                                <value name="B">
                                  <shadow type="math_number" id="c*GJF?OH6CIBg@Dv6(-n">
                                    <field name="NUM">1.25</field>
                                  </shadow>
                                </value>
                              </block>
                            </value>
                          </block>
                        </statement>
                        <statement name="ELSE">
                          <block type="variables_set" id="{oRG!4pG}EII?@r#fX/f">
                            <field name="VAR" id="WCLb=A9]^R-g+qjmGq@A" variabletype="">Modal</field>
                            <value name="VALUE">
                              <block type="math_arithmetic" id="]`r/w5vACZhKrp1oRZ2k">
                                <field name="OP">MULTIPLY</field>
                                <value name="A">
                                  <shadow type="math_number" id="^1)WguFC8c[%ZINpm[)V">
                                    <field name="NUM">1</field>
                                  </shadow>
                                  <block type="variables_get" id="Y|-V1K_X1$kWpjM{l}[y">
                                    <field name="VAR" id="tT$pkwXt$RAf!*qPg,TG" variabletype="">MinModal</field>
                                  </block>
                                </value>
                                <value name="B">
                                  <shadow type="math_number" id="mk^3z6Px@0%-T4XsY6L6">
                                    <field name="NUM">2.25</field>
                                  </shadow>
                                </value>
                              </block>
                            </value>
                          </block>
                        </statement>
                      </block>
                    </next>
                  </block>
                </next>
              </block>
            </statement>
            <next>
              <block type="controls_if" id="UQb:5Rmznc}mja9F#DQi">
                <value name="IF0">
                  <block type="logic_operation" id="$V$}(-gN0V0Q:FH3{ZY_" inline="false">
                    <field name="OP">OR</field>
                    <value name="A">
                      <block type="logic_compare" id="/w}Q~wNLVSLc]~%mS@km">
                        <field name="OP">GTE</field>
                        <value name="A">
                          <block type="variables_get" id="aHHEp.6@FP/r9^V?AE-R">
                            <field name="VAR" id="skDaC6$}F/qvQ|+WW]gp" variabletype="">TotalLaba</field>
                          </block>
                        </value>
                        <value name="B">
                          <block type="math_arithmetic" id="A6iS-j1$ECen8n{/;2C*">
                            <field name="OP">MULTIPLY</field>
                            <value name="A">
                              <shadow type="math_number" id="^1)WguFC8c[%ZINpm[)V">
                                <field name="NUM">1</field>
                              </shadow>
                              <block type="variables_get" id="P6Z]%]EVdpnmT3ZJknhn">
                                <field name="VAR" id="tT$pkwXt$RAf!*qPg,TG" variabletype="">MinModal</field>
                              </block>
                            </value>
                            <value name="B">
                              <shadow type="math_number" id="5(~Pv2M#}QO}QJDH]yMp">
                                <field name="NUM">20</field>
                              </shadow>
                            </value>
                          </block>
                        </value>
                      </block>
                    </value>
                    <value name="B">
                      <block type="logic_compare" id="nk-$ZsV@1sYT4?gK:^6B">
                        <field name="OP">GTE</field>
                        <value name="A">
                          <block type="variables_get" id=":%=#8z=RH(k?[_]r8ssl">
                            <field name="VAR" id="c/kN9G,8!XF(z%,/U0B{" variabletype="">Jml_LOSE</field>
                          </block>
                        </value>
                        <value name="B">
                          <block type="math_number" id="+N~`rAG7*8vI`AHHFF_w">
                            <field name="NUM">4</field>
                          </block>
                        </value>
                      </block>
                    </value>
                  </block>
                </value>
                <statement name="DO0">
                  <block type="variables_set" id="XE[yD(J|SHTxQ#C-J$-K">
                    <field name="VAR" id="WCLb=A9]^R-g+qjmGq@A" variabletype="">Modal</field>
                    <value name="VALUE">
                      <block type="math_number" id="|F:Zyh^SP:2}gp2{c}*|">
                        <field name="NUM">0.1</field>
                      </block>
                    </value>
                  </block>
                </statement>
                <next>
                  <block type="trade_again" id="c)S|KjoQdXc8l#J@5z3P"></block>
                </next>
              </block>
            </next>
          </block>
        </next>
      </block>
    </statement>
  </block>
</xml>