﻿<xml xmlns="http://www.w3.org/1999/xhtml" collection="false">
  <block type="procedures_defreturn" id="K@K)7,y2h+Gy%C.vVU~w" x="-7" y="-172">
    <mutation>
      <arg name="Ticks List"></arg>
      <arg name="period"></arg>
    </mutation>
    <field name="NAME">Exponential Moving Average</field>
    <comment pinned="false" h="80" w="160">Describe this function...</comment>
    <statement name="STACK">
      <block type="procedures_ifreturn" id="n(uz.(qBLf`u[{|V@uxf">
        <mutation value="1"></mutation>
        <value name="CONDITION">
          <block type="logic_compare" id="OW0bc:1#0tXAxtnE;Cwf">
            <field name="OP">LTE</field>
            <value name="A">
              <block type="lists_length" id="Y1:9t#zMDea[@bUgNf+M">
                <value name="VALUE">
                  <block type="variables_get" id="@b{,h!y/7qizcms3RS8/">
                    <field name="VAR">ticks list</field>
                  </block>
                </value>
              </block>
            </value>
            <value name="B">
              <block type="variables_get" id="XcH}g?|v7S(A)]u_HAG_">
                <field name="VAR">period</field>
              </block>
            </value>
          </block>
        </value>
        <value name="VALUE">
          <block type="math_arithmetic" id="Tb]hOG`|={VaHSw}dqE[">
            <field name="OP">DIVIDE</field>
            <value name="A">
              <shadow type="math_number" id="U!FRqvo!K0B(ZUVwj~9y">
                <field name="NUM">1</field>
              </shadow>
              <block type="math_on_list" id="#BbwFbxu;V@vs|tBd05M">
                <mutation op="SUM"></mutation>
                <field name="OP">SUM</field>
                <value name="LIST">
                  <block type="variables_get" id="sA,[SGm5?}XfEIW{;#o6">
                    <field name="VAR">ticks list</field>
                  </block>
                </value>
              </block>
            </value>
            <value name="B">
              <shadow type="math_number" id="0g@UTMc=T,q/%(@uRLbB">
                <field name="NUM">1</field>
              </shadow>
              <block type="variables_get" id="}%mQeq,ueqO6J{n3HDm^">
                <field name="VAR">period</field>
              </block>
            </value>
          </block>
        </value>
        <next>
          <block type="variables_set" id="[e]YD]6K%um5U8ErY8MZ">
            <field name="VAR">Multiplier</field>
            <value name="VALUE">
              <block type="math_arithmetic" id="x`a|wuX{cZVXd@6%~{MC">
                <field name="OP">DIVIDE</field>
                <value name="A">
                  <shadow type="math_number" id="Kh6M*0;!_nj`3.#`3`h{">
                    <field name="NUM">2</field>
                  </shadow>
                </value>
                <value name="B">
                  <shadow type="math_number" id="N:vnu5=6zcT#Jny0jDJb">
                    <field name="NUM">1</field>
                  </shadow>
                  <block type="math_arithmetic" id="i}i/r{M!DhA%LZj~Zs/G">
                    <field name="OP">ADD</field>
                    <value name="A">
                      <shadow type="math_number" id="*PxhF0]#xn.o0LA%F`|)">
                        <field name="NUM">1</field>
                      </shadow>
                    </value>
                    <value name="B">
                      <shadow type="math_number" id="hXE{%ecgStdZ%f9Su~Wz">
                        <field name="NUM">1</field>
                      </shadow>
                      <block type="variables_get" id="*I[9PZ,eY}KSp@XIsQOq">
                        <field name="VAR">period</field>
                      </block>
                    </value>
                  </block>
                </value>
              </block>
            </value>
            <next>
              <block type="variables_set" id="z{pY3Ymc:t#c`1Im3=b#">
                <field name="VAR">Previous EMA</field>
                <value name="VALUE">
                  <block type="procedures_callreturn" id=".KA%G;aaB~zzGR-wF*T`">
                    <mutation name="Exponential Moving Average">
                      <arg name="Ticks List"></arg>
                      <arg name="period"></arg>
                    </mutation>
                    <value name="ARG0">
                      <block type="lists_getSublist" id="?(G4HGrv6.9U`-LB#9h.">
                        <mutation at1="false" at2="true"></mutation>
                        <field name="WHERE1">FIRST</field>
                        <field name="WHERE2">FROM_END</field>
                        <value name="LIST">
                          <block type="variables_get" id="O?F,CMEnuBt(V(({dGBs">
                            <field name="VAR">ticks list</field>
                          </block>
                        </value>
                        <value name="AT2">
                          <block type="math_number" id="pMG)qu+foYoOM#J9Lq`G">
                            <field name="NUM">2</field>
                          </block>
                        </value>
                      </block>
                    </value>
                    <value name="ARG1">
                      <block type="variables_get" id="/J8a=#w#EH[I1[a[|skB">
                        <field name="VAR">period</field>
                      </block>
                    </value>
                  </block>
                </value>
              </block>
            </next>
          </block>
        </next>
      </block>
    </statement>
    <value name="RETURN">
      <block type="math_arithmetic" id="m:fhPW[Cu23.eVQ!cNy{">
        <field name="OP">ADD</field>
        <value name="A">
          <shadow type="math_number" id="9~.w5TLemkQ2KX{RjNJR">
            <field name="NUM">1</field>
          </shadow>
          <block type="math_arithmetic" id="SM~*:KWL-Q_tB_V]?(t-">
            <field name="OP">MULTIPLY</field>
            <value name="A">
              <shadow type="math_number" id="Wx29PtiwjMo{G%z8.k7E">
                <field name="NUM">1</field>
              </shadow>
              <block type="math_arithmetic" id="WlwKo[r2U5BXAN?[way2">
                <field name="OP">MINUS</field>
                <value name="A">
                  <shadow type="math_number" id="pG|6HT6|O~vSu_0,DAy7">
                    <field name="NUM">1</field>
                  </shadow>
                  <block type="lists_getIndex" id="=!P#m}?kMLg*|GS+y[lo">
                    <mutation statement="false" at="false"></mutation>
                    <field name="MODE">GET</field>
                    <field name="WHERE">LAST</field>
                    <value name="VALUE">
                      <block type="variables_get" id="26=,N09U^h)7c3l`@NrC">
                        <field name="VAR">ticks list</field>
                      </block>
                    </value>
                  </block>
                </value>
                <value name="B">
                  <shadow type="math_number" id="c@]YpAl/e1PP[}aR]D]Y">
                    <field name="NUM">1</field>
                  </shadow>
                  <block type="variables_get" id="(7sqm~V-NI*.G:n)2l{}">
                    <field name="VAR">Previous EMA</field>
                  </block>
                </value>
              </block>
            </value>
            <value name="B">
              <shadow type="math_number" id="N6pofjlrzS^^M[DZKkE!">
                <field name="NUM">1</field>
              </shadow>
              <block type="variables_get" id="*{~4VL`%iIMdXn+=X6BX">
                <field name="VAR">Multiplier</field>
              </block>
            </value>
          </block>
        </value>
        <value name="B">
          <shadow type="math_number" id="eldA;R*1_.or?6avLd/F">
            <field name="NUM">1</field>
          </shadow>
          <block type="variables_get" id="+zS3ib?95@HKOIcS9QMx">
            <field name="VAR">Previous EMA</field>
          </block>
        </value>
      </block>
    </value>
  </block>
  <block type="trade" id=")inu*9KBx=?O=ZEkmjl_" x="3" y="148">
    <field name="MARKET_LIST">forex</field>
    <field name="SUBMARKET_LIST">major_pairs</field>
    <field name="SYMBOL_LIST">frxEURUSD</field>
    <field name="TRADETYPECAT_LIST">callput</field>
    <field name="TRADETYPE_LIST">risefall</field>
    <field name="TYPE_LIST">both</field>
    <field name="CANDLEINTERVAL_LIST">60</field>
    <statement name="SUBMARKET">
      <block type="tradeOptions" id="/I1|?tZ1664kEKLzO:nP">
        <field name="DURATIONTYPE_LIST">t</field>
        <field name="CURRENCY_LIST">USD</field>
        <value name="DURATION">
          <block type="math_number" id="0p-bjjEuB1k(LNWLaiS]">
            <field name="NUM">10</field>
          </block>
        </value>
        <value name="AMOUNT">
          <block type="procedures_callreturn" id="!u{3VlFd}x~LAr|BMM7G">
            <mutation name="Martingale Trade Amount"></mutation>
          </block>
        </value>
      </block>
    </statement>
  </block>
  <block type="before_purchase" id="nG`7zg_ax[1li#uaJG9b" x="5" y="432">
    <statement name="BEFOREPURCHASE_STACK">
      <block type="controls_if" id="!-6sVUd-Piv$e0o+4V.d">
        <mutation else="1"></mutation>
        <value name="IF0">
          <block type="logic_compare" id=":1$wB*^WoCh4gBUPABK8">
            <field name="OP">GT</field>
            <value name="A">
              <block type="read_ohlc" id="n!-q}h(xWkih23nd1qt1">
                <field name="OHLCFIELD_LIST">close</field>
              </block>
            </value>
            <value name="B">
              <block type="procedures_callreturn" id="Ng|pfuXWCDwz%[_A[b^.">
                <mutation name="Exponential Moving Average">
                  <arg name="Ticks List"></arg>
                  <arg name="period"></arg>
                </mutation>
                <value name="ARG0">
                  <block type="ohlc_values" id="MQ{rZhgmn0YDJ3dXnU~(">
                    <field name="OHLCFIELD_LIST">close</field>
                  </block>
                </value>
                <value name="ARG1">
                  <block type="math_number" id="?y?[]FV{voXKu:~YA4yR">
                    <field name="NUM">9</field>
                  </block>
                </value>
              </block>
            </value>
          </block>
        </value>
        <statement name="DO0">
          <block type="purchase" id="=G`t^;e{G6tt;hvB]nPy">
            <field name="PURCHASE_LIST">CALL</field>
          </block>
        </statement>
        <statement name="ELSE">
          <block type="purchase" id="PM?tt@lVmu4a{?a-%ADg">
            <field name="PURCHASE_LIST">PUT</field>
          </block>
        </statement>
      </block>
    </statement>
  </block>
  <block type="ticks" id="/Ihb`Q]m0~CHWjXu)un[" disabled="true" x="968" y="467"></block>
  <block type="ticks" id="=Eo$l`+iVrBtCoU{(7Jy" disabled="true" x="967" y="492"></block>
  <block type="after_purchase" id="X[gun7Sx6Shn3kldC}mZ" x="2" y="707">
    <statement name="AFTERPURCHASE_STACK">
      <block type="controls_if" id="=KbO,-HqtVsGwXTFQu;A">
        <value name="IF0">
          <block type="procedures_callreturn" id="#:Mg|GlkP@A6U0TvjHaG">
            <mutation name="Martingale Trade Again After Purchase">
              <arg name="martingale:profit"></arg>
              <arg name="martingale:resultIsWin"></arg>
            </mutation>
            <value name="ARG0">
              <block type="read_details" id="(E,!25pd^Ev`yMmr[z*_">
                <field name="DETAIL_INDEX">4</field>
              </block>
            </value>
            <value name="ARG1">
              <block type="contract_check_result" id="^ShXafO+N,gqVXtl^w)e">
                <field name="CHECK_RESULT">win</field>
              </block>
            </value>
          </block>
        </value>
        <statement name="DO0">
          <block type="trade_again" id="64kCOboN,m?aZaa+7(,?"></block>
        </statement>
      </block>
    </statement>
  </block>
  <block type="procedures_defreturn" id=":Jnxg*orfSiD,8gO)Mu," collapsed="true" x="20" y="926">
    <mutation>
      <arg name="martingale:profit"></arg>
      <arg name="martingale:resultIsWin"></arg>
    </mutation>
    <field name="NAME">Martingale Trade Again After Purchase</field>
    <comment pinned="false" h="80" w="160">Describe this function...</comment>
    <statement name="STACK">
      <block type="math_change" id="w8m?%]rcr3:Y|Nn,1^Z[">
        <field name="VAR">martingale:totalProfit</field>
        <value name="DELTA">
          <shadow type="math_number" id="[)Nh?MH}TXeN]0n(Q?PP">
            <field name="NUM">1</field>
          </shadow>
          <block type="variables_get" id="J^9ZV@S)H@eG1[saltpB">
            <field name="VAR">martingale:profit</field>
          </block>
        </value>
        <next>
          <block type="variables_set" id="bBy!Va{pMwFR~#gzcOnF">
            <field name="VAR">martingale:totalProfit</field>
            <value name="VALUE">
              <block type="math_arithmetic" id=",~[[RyMi5)wHnglpxJ|`">
                <field name="OP">DIVIDE</field>
                <value name="A">
                  <shadow type="math_number" id="Y445k*N9Y{3k^0nU:f/a">
                    <field name="NUM">1</field>
                  </shadow>
                  <block type="math_round" id="Lv4::.y^ZoMZ/ifjJAHK">
                    <field name="OP">ROUND</field>
                    <value name="NUM">
                      <shadow type="math_number" id="NxI4W6P)%aS~YX^5:fm(">
                        <field name="NUM">3.1</field>
                      </shadow>
                      <block type="math_arithmetic" id="@1RfFzXgQ{l{hGf99[BA">
                        <field name="OP">MULTIPLY</field>
                        <value name="A">
                          <shadow type="math_number" id="1IiDMd{pA4I8#Jv5:v)F">
                            <field name="NUM">1</field>
                          </shadow>
                          <block type="variables_get" id="`%2@PIu}=O~W?qdQB1DY">
                            <field name="VAR">martingale:totalProfit</field>
                          </block>
                        </value>
                        <value name="B">
                          <shadow type="math_number" id="QPp6Ex`FL}B)uWsSrQ*o">
                            <field name="NUM">1</field>
                          </shadow>
                          <block type="math_number" id="f@YcY14hZd:!xPbo83o6">
                            <field name="NUM">100</field>
                          </block>
                        </value>
                      </block>
                    </value>
                  </block>
                </value>
                <value name="B">
                  <shadow type="math_number" id=";(PBMt(9fPe84P0`MRRO">
                    <field name="NUM">1</field>
                  </shadow>
                  <block type="math_number" id="-$jO=d1e]*O6xVf$rqnn">
                    <field name="NUM">100</field>
                  </block>
                </value>
              </block>
            </value>
            <next>
              <block type="controls_if" id="?k8RE:qgW!ih=[G4LT=D">
                <mutation else="1"></mutation>
                <value name="IF0">
                  <block type="variables_get" id="3)^**LJVy5sw2hz1CEyh">
                    <field name="VAR">martingale:resultIsWin</field>
                  </block>
                </value>
                <statement name="DO0">
                  <block type="notify" id="=_NfnCX/t:mE+vYe?[IU">
                    <field name="NOTIFICATION_TYPE">success</field>
                    <value name="MESSAGE">
                      <block type="text_join" id="{pUrTp[^e(zd}nw|jxm)">
                        <mutation items="2"></mutation>
                        <value name="ADD0">
                          <block type="text" id="m)v[uf.o?4YPLT_O8LAG">
                            <field name="TEXT">Won:</field>
                          </block>
                        </value>
                        <value name="ADD1">
                          <block type="variables_get" id="R$+UjPG?TjjHM#HXeyU%">
                            <field name="VAR">martingale:profit</field>
                          </block>
                        </value>
                      </block>
                    </value>
                  </block>
                </statement>
                <statement name="ELSE">
                  <block type="notify" id="XiB39jFv3|MjB|@^1~32">
                    <field name="NOTIFICATION_TYPE">warn</field>
                    <value name="MESSAGE">
                      <block type="text_join" id="M2W?L8MKT(E6mtu3VO|Q">
                        <mutation items="2"></mutation>
                        <value name="ADD0">
                          <block type="text" id="D;T#P$vHkgRi0yYn+1ZE">
                            <field name="TEXT">Lost: </field>
                          </block>
                        </value>
                        <value name="ADD1">
                          <block type="math_single" id="V;g${iOl4lE(JVQmI`{s">
                            <field name="OP">ABS</field>
                            <value name="NUM">
                              <shadow type="math_number" id="GleSn`9j7Cm7/dqg}FIA">
                                <field name="NUM">9</field>
                              </shadow>
                              <block type="variables_get" id="eEu6ALRm,[5:JpmCLP!m">
                                <field name="VAR">martingale:profit</field>
                              </block>
                            </value>
                          </block>
                        </value>
                      </block>
                    </value>
                  </block>
                </statement>
                <next>
                  <block type="procedures_callnoreturn" id="A;=@`WVb?f=O^)aMM1Ed">
                    <mutation name="Martingale Core Functionality">
                      <arg name="martingale:resultIsWin"></arg>
                    </mutation>
                    <value name="ARG0">
                      <block type="variables_get" id="lFg+$mqODk[9cG%$%X1G">
                        <field name="VAR">martingale:resultIsWin</field>
                      </block>
                    </value>
                    <next>
                      <block type="notify" id="Rit_8X,/(SEUTw^1;Qo@">
                        <field name="NOTIFICATION_TYPE">info</field>
                        <value name="MESSAGE">
                          <block type="text_join" id="UEe{[r5/~gO^4=xx3]+k">
                            <mutation items="2"></mutation>
                            <value name="ADD0">
                              <block type="text" id="g*mi*vas~!hmQWykSxzp">
                                <field name="TEXT">Total Profit: </field>
                              </block>
                            </value>
                            <value name="ADD1">
                              <block type="variables_get" id="45X/HJAJ)Z9#G-Yp*2eU">
                                <field name="VAR">martingale:totalProfit</field>
                              </block>
                            </value>
                          </block>
                        </value>
                        <next>
                          <block type="variables_set" id="0uY1t%#Tnwq@VC-6:/~2">
                            <field name="VAR">martingale:tradeAgain</field>
                            <value name="VALUE">
                              <block type="logic_boolean" id="uu!LbG~~,O5tdd{yt^yF">
                                <field name="BOOL">FALSE</field>
                              </block>
                            </value>
                            <next>
                              <block type="controls_if" id="v_N)=P}7.5$KwR8/XpxD">
                                <mutation else="1"></mutation>
                                <value name="IF0">
                                  <block type="logic_compare" id="cuS]*LwpLfY3EG{c*7WL">
                                    <field name="OP">LT</field>
                                    <value name="A">
                                      <block type="variables_get" id="M:~~/VCV?j6nxNv=WJ70">
                                        <field name="VAR">martingale:totalProfit</field>
                                      </block>
                                    </value>
                                    <value name="B">
                                      <block type="variables_get" id="mI1T^$Qx-NM,jf##F3Z#">
                                        <field name="VAR">martingale:expectedProfit</field>
                                      </block>
                                    </value>
                                  </block>
                                </value>
                                <statement name="DO0">
                                  <block type="controls_if" id="Dx?/:^.gei~g0Vt;;Ivt">
                                    <mutation else="1"></mutation>
                                    <value name="IF0">
                                      <block type="logic_compare" id="aKJzDHc_Rj!gDL8qbMQ#">
                                        <field name="OP">GT</field>
                                        <value name="A">
                                          <block type="variables_get" id="l@}.NP2~ObYcsxC[1av{">
                                            <field name="VAR">martingale:profit</field>
                                          </block>
                                        </value>
                                        <value name="B">
                                          <block type="math_single" id="Popzhghh#8c)a#md*wjn">
                                            <field name="OP">NEG</field>
                                            <value name="NUM">
                                              <shadow type="math_number" id="#4N:bIe?FzTA#rOZjMqo">
                                                <field name="NUM">9</field>
                                              </shadow>
                                              <block type="variables_get" id="x)0hFM5?*/ND{B*n^~)D">
                                                <field name="VAR">martingale:maximumLoss</field>
                                              </block>
                                            </value>
                                          </block>
                                        </value>
                                      </block>
                                    </value>
                                    <statement name="DO0">
                                      <block type="variables_set" id="IG*zBxr74Moo~cO3Q!4L">
                                        <field name="VAR">martingale:tradeAgain</field>
                                        <value name="VALUE">
                                          <block type="logic_boolean" id="tKOG#([u8qz^yh_bGPDS">
                                            <field name="BOOL">TRUE</field>
                                          </block>
                                        </value>
                                      </block>
                                    </statement>
                                    <statement name="ELSE">
                                      <block type="text_print" id=";Bihq63F3AVD:CtUQsOX">
                                        <value name="TEXT">
                                          <shadow type="text" id="kqlrIk.GO.^}hI,PoUV)">
                                            <field name="TEXT">abc</field>
                                          </shadow>
                                          <block type="text_join" id="vY1Xhwi?)I06|[aXxxX!">
                                            <mutation items="2"></mutation>
                                            <value name="ADD0">
                                              <block type="text" id="|3r(o3.2ubp;1(ou=UHa">
                                                <field name="TEXT">Maximum Loss Occurred! Total Loss: </field>
                                              </block>
                                            </value>
                                            <value name="ADD1">
                                              <block type="math_single" id="wm_Uxshs(qGCSmcbw/nW">
                                                <field name="OP">NEG</field>
                                                <value name="NUM">
                                                  <shadow type="math_number" id="pi;;Fh3#fMUD2s`W_UJZ">
                                                    <field name="NUM">9</field>
                                                  </shadow>
                                                  <block type="variables_get" id="V.{K6Ni7w9F@W^r@(CQf">
                                                    <field name="VAR">martingale:totalProfit</field>
                                                  </block>
                                                </value>
                                              </block>
                                            </value>
                                          </block>
                                        </value>
                                      </block>
                                    </statement>
                                  </block>
                                </statement>
                                <statement name="ELSE">
                                  <block type="text_print" id="sUkz.CSm;fqpHhm$dg?f">
                                    <value name="TEXT">
                                      <shadow type="text" id="kqlrIk.GO.^}hI,PoUV)">
                                        <field name="TEXT">abc</field>
                                      </shadow>
                                      <block type="text_join" id=":aS65A8fPkhvq4,gVS+Y">
                                        <mutation items="2"></mutation>
                                        <value name="ADD0">
                                          <block type="text" id="KRcdLn^^#MYmGx.I0PmS">
                                            <field name="TEXT">Expected Profit Made! Total Profit: </field>
                                          </block>
                                        </value>
                                        <value name="ADD1">
                                          <block type="variables_get" id="z-tez-;6O}2akXqOgr`n">
                                            <field name="VAR">martingale:totalProfit</field>
                                          </block>
                                        </value>
                                      </block>
                                    </value>
                                  </block>
                                </statement>
                              </block>
                            </next>
                          </block>
                        </next>
                      </block>
                    </next>
                  </block>
                </next>
              </block>
            </next>
          </block>
        </next>
      </block>
    </statement>
    <value name="RETURN">
      <block type="variables_get" id="mx;9[FJ=t8qQfl{yER8|">
        <field name="VAR">martingale:tradeAgain</field>
      </block>
    </value>
  </block>
  <block type="procedures_defnoreturn" id="o))pP3]Qpw7bh(@cfkhP" collapsed="true" x="416" y="929">
    <mutation>
      <arg name="martingale:resultIsWin"></arg>
    </mutation>
    <field name="NAME">Martingale Core Functionality</field>
    <comment pinned="false" h="80" w="160">Describe this function...</comment>
    <statement name="STACK">
      <block type="controls_if" id="@UP`EUup?@+}KMYj]Hb.">
        <mutation else="1"></mutation>
        <value name="IF0">
          <block type="variables_get" id=",wa#Evjdl,(qtmy[pA?B">
            <field name="VAR">martingale:resultIsWin</field>
          </block>
        </value>
        <statement name="DO0">
          <block type="variables_set" id="[OjS}},20rQ^,YE^TpK6">
            <field name="VAR">martingale:size</field>
            <value name="VALUE">
              <block type="math_number" id="G)Z$WOmx)KuyV?|Zw337">
                <field name="NUM">1</field>
              </block>
            </value>
          </block>
        </statement>
        <statement name="ELSE">
          <block type="variables_set" id="OBKOgi040Kb;K~#:20Dm">
            <field name="VAR">martingale:size</field>
            <value name="VALUE">
              <block type="math_arithmetic" id="D*U^-%@ou+}G6:LJzw-C">
                <field name="OP">MULTIPLY</field>
                <value name="A">
                  <shadow type="math_number" id="QujpfOq.d^A8_SMe`uvh">
                    <field name="NUM">1</field>
                  </shadow>
                  <block type="variables_get" id="Ig@(]]q:?`RZ:oQ=[N1i">
                    <field name="VAR">martingale:size</field>
                  </block>
                </value>
                <value name="B">
                  <shadow type="math_number" id="%6%m1;%94AYq9a7`g[u!">
                    <field name="NUM">1</field>
                  </shadow>
                  <block type="math_number" id="%O4AYql6Gp){[q.{Vtg7">
                    <field name="NUM">2</field>
                  </block>
                </value>
              </block>
            </value>
          </block>
        </statement>
      </block>
    </statement>
  </block>
  <block type="procedures_defreturn" id="#~F%oMqDXYh;b))W=3OQ" collapsed="true" x="842" y="931">
    <field name="NAME">Martingale Trade Amount</field>
    <comment pinned="false" h="80" w="160">Describe this function...</comment>
    <statement name="STACK">
      <block type="controls_if" id="G3}r1:CY9=mGVy^WpSHQ">
        <value name="IF0">
          <block type="logic_compare" id="w]D4W|WZ=k!u)vw@v*oX">
            <field name="OP">EQ</field>
            <value name="A">
              <block type="variables_get" id="dp=c^V5G.v~e_Fq.WY5(">
                <field name="VAR">martingale:expectedProfit</field>
              </block>
            </value>
            <value name="B">
              <block type="logic_null" id="YWTU}k6E?e%H`I8M@ilT"></block>
            </value>
          </block>
        </value>
        <statement name="DO0">
          <block type="variables_set" id="C--Kz%?tA5sLD=)gNF=?">
            <field name="VAR">martingale:expectedProfit</field>
            <value name="VALUE">
              <block type="math_number" id="d%L4USxi*2lguDdWBY[{">
                <field name="NUM">100</field>
              </block>
            </value>
          </block>
        </statement>
        <next>
          <block type="controls_if" id="dn8*q3[.^)+*NF5*DeLU">
            <value name="IF0">
              <block type="logic_compare" id="06JjRs(:Y=UnR_[O0Uas">
                <field name="OP">EQ</field>
                <value name="A">
                  <block type="variables_get" id="6UGhY3_+F*rXm/iT5}2%">
                    <field name="VAR">martingale:maximumLoss</field>
                  </block>
                </value>
                <value name="B">
                  <block type="logic_null" id="/PHi!KeT[2y0ad6$1*i="></block>
                </value>
              </block>
            </value>
            <statement name="DO0">
              <block type="variables_set" id="*zkl$p2)r:-9@ei3(Xjz">
                <field name="VAR">martingale:maximumLoss</field>
                <value name="VALUE">
                  <block type="math_number" id="/X)*h*U[3q`t0?L3Yxp;">
                    <field name="NUM">230</field>
                  </block>
                </value>
              </block>
            </statement>
            <next>
              <block type="controls_if" id="oTScFu5@qO5Tq6rX_~_q">
                <value name="IF0">
                  <block type="logic_compare" id="Hrw2-:cqpOk[~i!hjd.{">
                    <field name="OP">EQ</field>
                    <value name="A">
                      <block type="variables_get" id="DyzrYnUv:2_sl@n$6}7y">
                        <field name="VAR">martingale:amount</field>
                      </block>
                    </value>
                    <value name="B">
                      <block type="logic_null" id="+JnQfRIUz_M,G0p$o=Zg"></block>
                    </value>
                  </block>
                </value>
                <statement name="DO0">
                  <block type="variables_set" id="L{JOHbZ?,IO-zV,0.|G8">
                    <field name="VAR">martingale:amount</field>
                    <value name="VALUE">
                      <block type="math_number" id="9zn_.%DeF1w.HhTL0v?M">
                        <field name="NUM">0.5</field>
                      </block>
                    </value>
                  </block>
                </statement>
                <next>
                  <block type="controls_if" id="No6nhl:q1D.pwK;r0})J">
                    <value name="IF0">
                      <block type="logic_compare" id="*e|xQmt:(pFptLy:X9XB">
                        <field name="OP">EQ</field>
                        <value name="A">
                          <block type="variables_get" id="]j~z@{*DoQsurp0hRo,*">
                            <field name="VAR">martingale:size</field>
                          </block>
                        </value>
                        <value name="B">
                          <block type="logic_null" id="7;Sc)8HAmXZ!V~MXPb%f"></block>
                        </value>
                      </block>
                    </value>
                    <statement name="DO0">
                      <block type="variables_set" id="kiYwO#b)N[Fu2(4s@{.0">
                        <field name="VAR">martingale:size</field>
                        <value name="VALUE">
                          <block type="math_number" id="Pv5XB*G#D]m*/O%p4@+7">
                            <field name="NUM">1</field>
                          </block>
                        </value>
                      </block>
                    </statement>
                    <next>
                      <block type="controls_if" id="?WM^1;kGNc+~JX#o5ug.">
                        <value name="IF0">
                          <block type="logic_compare" id="xwQUv6{M3z+1ZQq(I9mA">
                            <field name="OP">EQ</field>
                            <value name="A">
                              <block type="variables_get" id="7HlFxa5pfb.jIUR@fDjl">
                                <field name="VAR">martingale:totalProfit</field>
                              </block>
                            </value>
                            <value name="B">
                              <block type="logic_null" id="mECo((RgCof[BNQ8LNtF"></block>
                            </value>
                          </block>
                        </value>
                        <statement name="DO0">
                          <block type="variables_set" id="f=(9[,29g^CwUdD#L1[u">
                            <field name="VAR">martingale:totalProfit</field>
                            <value name="VALUE">
                              <block type="math_number" id="{*FSn/$(rhIiLVSoUK!U">
                                <field name="NUM">0</field>
                              </block>
                            </value>
                          </block>
                        </statement>
                      </block>
                    </next>
                  </block>
                </next>
              </block>
            </next>
          </block>
        </next>
      </block>
    </statement>
    <value name="RETURN">
      <block type="math_arithmetic" id="JjiFzh*LfR3=PHXm{8J@">
        <field name="OP">MULTIPLY</field>
        <value name="A">
          <shadow type="math_number" id="F/^.gR-k|dBg*ZMQ,E?v">
            <field name="NUM">1</field>
          </shadow>
          <block type="variables_get" id="%L}q)@g_(Xtt!/#p,y-|">
            <field name="VAR">martingale:size</field>
          </block>
        </value>
        <value name="B">
          <shadow type="math_number" id="v*eC4j=U!K8B76C5kQ*U">
            <field name="NUM">1</field>
          </shadow>
          <block type="variables_get" id="Lv}xYU^Po$#w=;tS/vEc">
            <field name="VAR">martingale:amount</field>
          </block>
        </value>
      </block>
    </value>
  </block>
  <block type="text_prompt_ext" id="`824@]3FK^O=/,H9@2)9" disabled="true" x="35" y="1037">
    <mutation type="NUMBER"></mutation>
    <field name="TYPE">NUMBER</field>
    <value name="TEXT">
      <shadow type="text" id=".P`a1!r=yj-[H(SJX}_m">
        <field name="TEXT">abc</field>
      </shadow>
      <block type="text" id="3;=v)Ck:QB~#]Pl]}Zvz">
        <field name="TEXT">Expected Profit</field>
      </block>
    </value>
  </block>
  <block type="text_prompt_ext" id="Izy[`*c=nuwz4c_~_d9T" disabled="true" x="35" y="1112">
    <mutation type="NUMBER"></mutation>
    <field name="TYPE">NUMBER</field>
    <value name="TEXT">
      <shadow type="text" id=".P`a1!r=yj-[H(SJX}_m">
        <field name="TEXT">abc</field>
      </shadow>
      <block type="text" id="dqy:A;sz[r|xkxRxXpsp">
        <field name="TEXT">Maximum Loss Amount</field>
      </block>
    </value>
  </block>
  <block type="text_prompt_ext" id="ffVXc`QcOnx*t2FY`X=C" disabled="true" x="47" y="1188">
    <mutation type="NUMBER"></mutation>
    <field name="TYPE">NUMBER</field>
    <value name="TEXT">
      <shadow type="text" id=".P`a1!r=yj-[H(SJX}_m">
        <field name="TEXT">abc</field>
      </shadow>
      <block type="text" id="[_JN!Jrn6G`@~n]ir%u)">
        <field name="TEXT">Trade Amount</field>
      </block>
    </value>
  </block>
</xml>