﻿<xml xmlns="http://www.w3.org/1999/xhtml" collection="false">
  <block type="trade" id="xgH69|xFn9=70w.*3Vo@" x="0" y="0">
    <field name="MARKET_LIST">volidx</field>
    <field name="SUBMARKET_LIST">random_index</field>
    <field name="SYMBOL_LIST">R_10</field>
    <field name="TRADETYPECAT_LIST">callput</field>
    <field name="TRADETYPE_LIST">risefall</field>
    <field name="TYPE_LIST">both</field>
    <field name="CANDLEINTERVAL_LIST">60</field>
    <field name="TIME_MACHINE_ENABLED">FALSE</field>
    <field name="RESTARTONERROR">TRUE</field>
    <statement name="SUBMARKET">
      <block type="tradeOptions" id="x=V33~4Lb|(sLv`J[:Eb">
        <field name="DURATIONTYPE_LIST">t</field>
        <field name="CURRENCY_LIST">USD</field>
        <value name="DURATION">
          <shadow type="math_number" id="O*@58sDc=!cOO}*b2vf9">
            <field name="NUM">5</field>
          </shadow>
        </value>
        <value name="AMOUNT">
          <shadow type="math_number" id="ml)25~7^q}3I9}vjf:%K">
            <field name="NUM">0.35</field>
          </shadow>
        </value>
      </block>
    </statement>
  </block>
  <block type="tick_analysis" id="cWC@qY6x+{,n-n+[}_w~" collapsed="true" x="0" y="301">
    <statement name="TICKANALYSIS_STACK">
      <block type="variables_set" id="S1l%SllKhRYo|uQty#^-">
        <field name="VAR">Tick</field>
        <value name="VALUE">
          <block type="lists_getIndex" id="juuCUJWOn;I,(h1`V6{P">
            <mutation statement="false" at="false"></mutation>
            <field name="MODE">GET</field>
            <field name="WHERE">LAST</field>
            <value name="VALUE">
              <block type="ticks" id="q9B^WdQ74[LsRWru07G%"></block>
            </value>
          </block>
        </value>
        <next>
          <block type="variables_set" id="G!ubI5377?~oz_fQ4.Es">
            <field name="VAR">Tick2</field>
            <value name="VALUE">
              <block type="lists_getIndex" id="Miuu*V@j;/jmCBSAC#|B">
                <mutation statement="false" at="true"></mutation>
                <field name="MODE">GET</field>
                <field name="WHERE">FROM_END</field>
                <value name="VALUE">
                  <block type="ticks" id="@-2xkBe?L9]Ba|t(Wsw|"></block>
                </value>
                <value name="AT">
                  <block type="math_number" id=")Bw^68qsJ}2}=XPOVg!e">
                    <field name="NUM">2</field>
                  </block>
                </value>
              </block>
            </value>
            <next>
              <block type="variables_set" id="!_RAluGK1zc!WGZpPv}l">
                <field name="VAR">X/1</field>
                <value name="VALUE">
                  <block type="text_charAt" id="hgLEBP$,Q3ao!:](5Vpn">
                    <mutation at="true"></mutation>
                    <field name="WHERE">FROM_END</field>
                    <value name="VALUE">
                      <block type="text_join" id="XLzSYp=]KtwF/6XZ#]bY">
                        <mutation items="1"></mutation>
                        <value name="ADD0">
                          <block type="math_arithmetic" id="@sOMMj:0xbaQ=k0j=,.@">
                            <field name="OP">MULTIPLY</field>
                            <value name="A">
                              <shadow type="math_number" id="UIStEX1/4VmjWagU/hz1">
                                <field name="NUM">1</field>
                              </shadow>
                              <block type="variables_get" id="`pR9dP]r3S?7ano.iJKi">
                                <field name="VAR">Tick</field>
                              </block>
                            </value>
                            <value name="B">
                              <shadow type="math_number" id="|x+-(y)tk3Frg0=t4a1=">
                                <field name="NUM">1</field>
                              </shadow>
                              <block type="math_number" id="AoIUO-[adY8j0Cd[M37F">
                                <field name="NUM">1000</field>
                              </block>
                            </value>
                          </block>
                        </value>
                      </block>
                    </value>
                    <value name="AT">
                      <block type="math_number" id="G[HLu^2P(]pvM22O=1GA">
                        <field name="NUM">3</field>
                      </block>
                    </value>
                  </block>
                </value>
                <next>
                  <block type="variables_set" id="-oY/p.U@wCVDV;Pd=z|_">
                    <field name="VAR">X/2</field>
                    <value name="VALUE">
                      <block type="text_charAt" id="%8@j`Q?yHQ=4WIi*_:TE">
                        <mutation at="true"></mutation>
                        <field name="WHERE">FROM_END</field>
                        <value name="VALUE">
                          <block type="text_join" id="VKe=wK4Y_uLx4oC=m:u=">
                            <mutation items="1"></mutation>
                            <value name="ADD0">
                              <block type="math_arithmetic" id="YvjKfwP!S@l?E(1{njK9">
                                <field name="OP">MULTIPLY</field>
                                <value name="A">
                                  <shadow type="math_number" id="x]feHl(2cwJe*70Xqye-">
                                    <field name="NUM">1</field>
                                  </shadow>
                                  <block type="variables_get" id="y[aR|$)#FT_3{flX/]TZ">
                                    <field name="VAR">Tick</field>
                                  </block>
                                </value>
                                <value name="B">
                                  <shadow type="math_number" id="|x+-(y)tk3Frg0=t4a1=">
                                    <field name="NUM">1</field>
                                  </shadow>
                                  <block type="math_number" id="cIxt{6E@mc;,]P@*,l6T">
                                    <field name="NUM">1000</field>
                                  </block>
                                </value>
                              </block>
                            </value>
                          </block>
                        </value>
                        <value name="AT">
                          <block type="math_number" id="VL+OImrcgoNU-xkF]S3j">
                            <field name="NUM">2</field>
                          </block>
                        </value>
                      </block>
                    </value>
                    <next>
                      <block type="variables_set" id="MNsI3Pi$:ek%~9+LenRR">
                        <field name="VAR">X/3</field>
                        <value name="VALUE">
                          <block type="text_charAt" id="qtFK*oR78aEpZ`dV1~[!">
                            <mutation at="false"></mutation>
                            <field name="WHERE">LAST</field>
                            <value name="VALUE">
                              <block type="text_join" id="b[1qLQBshec{#6u@VQ`O">
                                <mutation items="1"></mutation>
                                <value name="ADD0">
                                  <block type="math_arithmetic" id="(HkZ2RFR2^#f0Ph%N8xH">
                                    <field name="OP">MULTIPLY</field>
                                    <value name="A">
                                      <shadow type="math_number" id="7d~x/~($k6v5Otz_rAj}">
                                        <field name="NUM">1</field>
                                      </shadow>
                                      <block type="variables_get" id="@H_r;Os~*YJsk9gj}G]c">
                                        <field name="VAR">Tick</field>
                                      </block>
                                    </value>
                                    <value name="B">
                                      <shadow type="math_number" id="|x+-(y)tk3Frg0=t4a1=">
                                        <field name="NUM">1</field>
                                      </shadow>
                                      <block type="math_number" id="hx!Pt70pR*`4zww(])1p">
                                        <field name="NUM">1000</field>
                                      </block>
                                    </value>
                                  </block>
                                </value>
                              </block>
                            </value>
                          </block>
                        </value>
                        <next>
                          <block type="variables_set" id=".MX=[-;|d071z52iZJFs">
                            <field name="VAR">Y|1</field>
                            <value name="VALUE">
                              <block type="text_charAt" id="dd2d;^f%i+g/_#A{M$_6">
                                <mutation at="true"></mutation>
                                <field name="WHERE">FROM_END</field>
                                <value name="VALUE">
                                  <block type="text_join" id="VwMEY^vDi$~s5;SuhHld">
                                    <mutation items="1"></mutation>
                                    <value name="ADD0">
                                      <block type="math_arithmetic" id="AVGJwawpOTU8Gnx6w7]o">
                                        <field name="OP">MULTIPLY</field>
                                        <value name="A">
                                          <shadow type="math_number" id="%77qfd4?`v(,pnk)Iu3,">
                                            <field name="NUM">1</field>
                                          </shadow>
                                          <block type="variables_get" id="3!5_2P6OX?IqNoxv=/{~">
                                            <field name="VAR">Tick2</field>
                                          </block>
                                        </value>
                                        <value name="B">
                                          <shadow type="math_number" id="|x+-(y)tk3Frg0=t4a1=">
                                            <field name="NUM">1</field>
                                          </shadow>
                                          <block type="math_number" id="1Dj7`RuKwm?0/?H7huG5">
                                            <field name="NUM">1000</field>
                                          </block>
                                        </value>
                                      </block>
                                    </value>
                                  </block>
                                </value>
                                <value name="AT">
                                  <block type="math_number" id="1VZG#n(a=}T.[nyd9rLZ">
                                    <field name="NUM">3</field>
                                  </block>
                                </value>
                              </block>
                            </value>
                            <next>
                              <block type="variables_set" id="LqZ*|-S_}(SdB!$`4n+Y">
                                <field name="VAR">Y|2</field>
                                <value name="VALUE">
                                  <block type="text_charAt" id="(IV.R;efHBL_?5{[aco`">
                                    <mutation at="true"></mutation>
                                    <field name="WHERE">FROM_END</field>
                                    <value name="VALUE">
                                      <block type="text_join" id="$j:#PYg#)s^d-zrj:D_,">
                                        <mutation items="1"></mutation>
                                        <value name="ADD0">
                                          <block type="math_arithmetic" id="49URfUVDTplp0J)lrjTh">
                                            <field name="OP">MULTIPLY</field>
                                            <value name="A">
                                              <shadow type="math_number" id="fte4knE9Qge~jrlWO+t]">
                                                <field name="NUM">1</field>
                                              </shadow>
                                              <block type="variables_get" id=",QZB{_5hW6Qx/W#]2cPq">
                                                <field name="VAR">Tick2</field>
                                              </block>
                                            </value>
                                            <value name="B">
                                              <shadow type="math_number" id="|x+-(y)tk3Frg0=t4a1=">
                                                <field name="NUM">1</field>
                                              </shadow>
                                              <block type="math_number" id="opHr-kdS]p)d!5*m5#^3">
                                                <field name="NUM">1000</field>
                                              </block>
                                            </value>
                                          </block>
                                        </value>
                                      </block>
                                    </value>
                                    <value name="AT">
                                      <block type="math_number" id="sL67Em3R{.Na~hO%AL!9">
                                        <field name="NUM">2</field>
                                      </block>
                                    </value>
                                  </block>
                                </value>
                                <next>
                                  <block type="variables_set" id="bO9rXV~U}=n:`nT=|;v9">
                                    <field name="VAR">Y|3</field>
                                    <value name="VALUE">
                                      <block type="text_charAt" id="atoN8RQnrkSlEsO2li@e">
                                        <mutation at="false"></mutation>
                                        <field name="WHERE">LAST</field>
                                        <value name="VALUE">
                                          <block type="text_join" id="j1AoP@4|uom2Zn520,~z">
                                            <mutation items="1"></mutation>
                                            <value name="ADD0">
                                              <block type="math_arithmetic" id=";j=VJE1zzMq+_T-r3h@|">
                                                <field name="OP">MULTIPLY</field>
                                                <value name="A">
                                                  <shadow type="math_number" id="~gwV2RD9GH7n/]Q,S7^4">
                                                    <field name="NUM">1</field>
                                                  </shadow>
                                                  <block type="variables_get" id=";QhCUBDpgnaYwWk|%DS^">
                                                    <field name="VAR">Tick2</field>
                                                  </block>
                                                </value>
                                                <value name="B">
                                                  <shadow type="math_number" id="|x+-(y)tk3Frg0=t4a1=">
                                                    <field name="NUM">1</field>
                                                  </shadow>
                                                  <block type="math_number" id="!g85kQlvR0J^(?JN;.BB">
                                                    <field name="NUM">1000</field>
                                                  </block>
                                                </value>
                                              </block>
                                            </value>
                                          </block>
                                        </value>
                                      </block>
                                    </value>
                                  </block>
                                </next>
                              </block>
                            </next>
                          </block>
                        </next>
                      </block>
                    </next>
                  </block>
                </next>
              </block>
            </next>
          </block>
        </next>
      </block>
    </statement>
  </block>
  <block type="before_purchase" id="i-CIx.(Onm4?ihxzA}Y]" x="0" y="353">
    <statement name="BEFOREPURCHASE_STACK">
      <block type="controls_if" id="p*EBhY]:P!.CyF0[~f,E">
        <mutation elseif="1" else="1"></mutation>
        <value name="IF0">
          <block type="logic_operation" id="8,HvdJiu-ed/r!(RamT~" inline="false" collapsed="true">
            <field name="OP">AND</field>
            <value name="A">
              <block type="logic_operation" id="X]77.wCtYSrI_e|%0ZxY" inline="false">
                <field name="OP">OR</field>
                <value name="A">
                  <block type="logic_operation" id="Q1Lq)t09kp[t~QCq=bm3" inline="false">
                    <field name="OP">OR</field>
                    <value name="A">
                      <block type="logic_compare" id="ZcAa-sdt(LyZ=QQ|VNQV">
                        <field name="OP">EQ</field>
                        <value name="A">
                          <block type="variables_get" id="t_jFY841|J,F$3zpqpm=">
                            <field name="VAR">X/1</field>
                          </block>
                        </value>
                        <value name="B">
                          <block type="math_number" id="F$hjJn4iGFBPNaZMC#_W">
                            <field name="NUM">6</field>
                          </block>
                        </value>
                      </block>
                    </value>
                    <value name="B">
                      <block type="logic_compare" id="fVBrlPt1SI@HS(Hz4CZe">
                        <field name="OP">EQ</field>
                        <value name="A">
                          <block type="variables_get" id="pzL]2/KGdIiOU[~,{+*q">
                            <field name="VAR">X/2</field>
                          </block>
                        </value>
                        <value name="B">
                          <block type="math_number" id="RcpbLl(@yF6d-YZRtu38">
                            <field name="NUM">6</field>
                          </block>
                        </value>
                      </block>
                    </value>
                  </block>
                </value>
                <value name="B">
                  <block type="logic_compare" id="YVW{R%hrZE6TA![wi]sC">
                    <field name="OP">EQ</field>
                    <value name="A">
                      <block type="variables_get" id="JT%V._-Zt;O|9?Ycnl6R">
                        <field name="VAR">X/3</field>
                      </block>
                    </value>
                    <value name="B">
                      <block type="math_number" id="YLu6Hiv_:/6,`PI5Z9gT">
                        <field name="NUM">6</field>
                      </block>
                    </value>
                  </block>
                </value>
              </block>
            </value>
            <value name="B">
              <block type="logic_operation" id="U/M2|P#z4Q]}2lf`X33p" inline="false">
                <field name="OP">OR</field>
                <value name="A">
                  <block type="logic_operation" id="C{Dp+U^)In[Uzz{!VP2z" inline="false">
                    <field name="OP">OR</field>
                    <value name="A">
                      <block type="logic_compare" id="0V8^HKn;P[jRX2DO5WC1">
                        <field name="OP">EQ</field>
                        <value name="A">
                          <block type="variables_get" id="m}Ei{57Pk_*?rpmxr2)4">
                            <field name="VAR">Y|1</field>
                          </block>
                        </value>
                        <value name="B">
                          <block type="math_number" id="i-3sU7m(J20^]U/o;yUB">
                            <field name="NUM">0</field>
                          </block>
                        </value>
                      </block>
                    </value>
                    <value name="B">
                      <block type="logic_compare" id="$.s/ekSBY4JQV4ZtG_d`">
                        <field name="OP">EQ</field>
                        <value name="A">
                          <block type="variables_get" id="3/9kSX/Zs=Cc(vp;vSV}">
                            <field name="VAR">Y|2</field>
                          </block>
                        </value>
                        <value name="B">
                          <block type="math_number" id="wWe/QQ_2{n(6EGf}rHew">
                            <field name="NUM">0</field>
                          </block>
                        </value>
                      </block>
                    </value>
                  </block>
                </value>
                <value name="B">
                  <block type="logic_compare" id="86DN3B6Q4D}b,HkSnP28">
                    <field name="OP">EQ</field>
                    <value name="A">
                      <block type="variables_get" id="=:[nzH%+hu0Bz)O?jAN=">
                        <field name="VAR">Y|3</field>
                      </block>
                    </value>
                    <value name="B">
                      <block type="math_number" id="pdp0DaRr^2*olYg=#L]i">
                        <field name="NUM">0</field>
                      </block>
                    </value>
                  </block>
                </value>
              </block>
            </value>
          </block>
        </value>
        <statement name="DO0">
          <block type="notify" id="}j`-d]#Di~AG3NzfKS+]">
            <field name="NOTIFICATION_TYPE">success</field>
            <field name="NOTIFICATION_SOUND">silent</field>
            <value name="MESSAGE">
              <shadow type="text" id="Z+fb?q9?tEfqPlg1mm+1">
                <field name="TEXT">abc</field>
              </shadow>
              <block type="text_join" id="bBB9/6d~,(UZsvz%A6Cp" collapsed="true">
                <mutation items="11"></mutation>
                <value name="ADD0">
                  <block type="variables_get" id="B6fdsE*2SN0U.`Hc?~]@">
                    <field name="VAR">Y|1</field>
                  </block>
                </value>
                <value name="ADD1">
                  <block type="text" id="N#3.mSUr01R}j{R3,g_C">
                    <field name="TEXT"> | </field>
                  </block>
                </value>
                <value name="ADD2">
                  <block type="variables_get" id="p@dE+JH63-2=ft~zD1?q">
                    <field name="VAR">Y|2</field>
                  </block>
                </value>
                <value name="ADD3">
                  <block type="text" id="v!]1NQcW/$H:0NJ6JuSG">
                    <field name="TEXT"> | </field>
                  </block>
                </value>
                <value name="ADD4">
                  <block type="variables_get" id="(V]ZY:3ZE7NiZY0:_-PV">
                    <field name="VAR">Y|3</field>
                  </block>
                </value>
                <value name="ADD5">
                  <block type="text" id=";OqD;uwi?}+F;],kn|#:">
                    <field name="TEXT">    ❯❮    </field>
                  </block>
                </value>
                <value name="ADD6">
                  <block type="variables_get" id="7Uxg/xHd0z[K+FYN.UPb">
                    <field name="VAR">X/1</field>
                  </block>
                </value>
                <value name="ADD7">
                  <block type="text" id="?-Cy:~W1HP6v4z~o}uJF">
                    <field name="TEXT"> | </field>
                  </block>
                </value>
                <value name="ADD8">
                  <block type="variables_get" id="q~(R=s6*qn%KyDFvC3Qa">
                    <field name="VAR">X/2</field>
                  </block>
                </value>
                <value name="ADD9">
                  <block type="text" id="_@VbKJm3L`si5ADwxK%;">
                    <field name="TEXT"> | </field>
                  </block>
                </value>
                <value name="ADD10">
                  <block type="variables_get" id="GFgz~o#=k.T-4PT{2bgy">
                    <field name="VAR">X/3</field>
                  </block>
                </value>
              </block>
            </value>
            <next>
              <block type="purchase" id="ws5)Xa%kaX!b.YWw?J.G">
                <field name="PURCHASE_LIST">CALL</field>
              </block>
            </next>
          </block>
        </statement>
        <value name="IF1">
          <block type="logic_operation" id="HQ*3H0F-H1+ls50:23Jo" inline="false" collapsed="true">
            <field name="OP">AND</field>
            <value name="A">
              <block type="logic_operation" id="474HGSXm`OI5IlTj~7o8" inline="false">
                <field name="OP">OR</field>
                <value name="A">
                  <block type="logic_operation" id="}SgHy9X,B2IImP.4UPam" inline="false">
                    <field name="OP">OR</field>
                    <value name="A">
                      <block type="logic_compare" id="TsN8rJLPd6oWmK;;Oy`5">
                        <field name="OP">EQ</field>
                        <value name="A">
                          <block type="variables_get" id="sWJv:Q)BJ2AAgC)a=xv!">
                            <field name="VAR">X/1</field>
                          </block>
                        </value>
                        <value name="B">
                          <block type="math_number" id="}-VBF7:Rh*PPB+np429C">
                            <field name="NUM">6</field>
                          </block>
                        </value>
                      </block>
                    </value>
                    <value name="B">
                      <block type="logic_compare" id="E%jk!p#J[N:H1S}6W(.6">
                        <field name="OP">EQ</field>
                        <value name="A">
                          <block type="variables_get" id="x|Alu(;kO(v+/*Q^/e/%">
                            <field name="VAR">X/2</field>
                          </block>
                        </value>
                        <value name="B">
                          <block type="math_number" id="k)VZ3Ml~d}AfX8OOA!Q5">
                            <field name="NUM">6</field>
                          </block>
                        </value>
                      </block>
                    </value>
                  </block>
                </value>
                <value name="B">
                  <block type="logic_compare" id="_X+;KTi}~J$5yrZi~v.+">
                    <field name="OP">EQ</field>
                    <value name="A">
                      <block type="variables_get" id="w/C5tH?S2agZ00HV0t.^">
                        <field name="VAR">X/3</field>
                      </block>
                    </value>
                    <value name="B">
                      <block type="math_number" id="QE{!JUHbg,@K,igvS@I@">
                        <field name="NUM">6</field>
                      </block>
                    </value>
                  </block>
                </value>
              </block>
            </value>
            <value name="B">
              <block type="logic_operation" id="s~7(Z%OO*VWa9]JNkX@G" inline="false">
                <field name="OP">OR</field>
                <value name="A">
                  <block type="logic_operation" id="!q2Af6oHZEs[Q`Q[^d{i" inline="false">
                    <field name="OP">OR</field>
                    <value name="A">
                      <block type="logic_compare" id="|;`MU1D+]4KOR3?,,)=F">
                        <field name="OP">EQ</field>
                        <value name="A">
                          <block type="variables_get" id="[d$jZ!%G5rF|W1c$Mv$H">
                            <field name="VAR">Y|1</field>
                          </block>
                        </value>
                        <value name="B">
                          <block type="math_number" id="NLL2`Wz}Gx%W4YXNjT=4">
                            <field name="NUM">6</field>
                          </block>
                        </value>
                      </block>
                    </value>
                    <value name="B">
                      <block type="logic_compare" id="f*rx-qC6}lnm5@|!Jqf@">
                        <field name="OP">EQ</field>
                        <value name="A">
                          <block type="variables_get" id="N;y*q3%+0vZ+%-fUe+(4">
                            <field name="VAR">Y|2</field>
                          </block>
                        </value>
                        <value name="B">
                          <block type="math_number" id="b,p{BNzc.dHyVg0t$ne9">
                            <field name="NUM">6</field>
                          </block>
                        </value>
                      </block>
                    </value>
                  </block>
                </value>
                <value name="B">
                  <block type="logic_compare" id="[g;.5cP/pAry7#:N6N$~">
                    <field name="OP">EQ</field>
                    <value name="A">
                      <block type="variables_get" id="q%{y+ejJVNMHNutkSc5)">
                        <field name="VAR">Y|3</field>
                      </block>
                    </value>
                    <value name="B">
                      <block type="math_number" id="_oN@yA5:T_$s#KS3ir-9">
                        <field name="NUM">6</field>
                      </block>
                    </value>
                  </block>
                </value>
              </block>
            </value>
          </block>
        </value>
        <statement name="DO1">
          <block type="notify" id="qG{:RqpCb.?RKjSksHI=">
            <field name="NOTIFICATION_TYPE">error</field>
            <field name="NOTIFICATION_SOUND">silent</field>
            <value name="MESSAGE">
              <shadow type="text" id="Z+fb?q9?tEfqPlg1mm+1">
                <field name="TEXT">abc</field>
              </shadow>
              <block type="text_join" id="rDAD}@9ggMAh}F)lDx8." collapsed="true">
                <mutation items="11"></mutation>
                <value name="ADD0">
                  <block type="variables_get" id="@;!d!Tl8%Ss0B|C=iwaZ">
                    <field name="VAR">Y|1</field>
                  </block>
                </value>
                <value name="ADD1">
                  <block type="text" id="rNY.@!R~M43`GDA+dAyZ">
                    <field name="TEXT"> | </field>
                  </block>
                </value>
                <value name="ADD2">
                  <block type="variables_get" id="n$O[u}DfDekSLzib(j[T">
                    <field name="VAR">Y|2</field>
                  </block>
                </value>
                <value name="ADD3">
                  <block type="text" id="qcc.jfP)zEg)ptO9UMJY">
                    <field name="TEXT"> | </field>
                  </block>
                </value>
                <value name="ADD4">
                  <block type="variables_get" id=".c])lE?Z=`[ejcll_xR2">
                    <field name="VAR">Y|3</field>
                  </block>
                </value>
                <value name="ADD5">
                  <block type="text" id="@SC]lgl,P!XiG^E7j]6F">
                    <field name="TEXT">    ❯❮    </field>
                  </block>
                </value>
                <value name="ADD6">
                  <block type="variables_get" id="P$grjD-9q}lauP~Fn-w(">
                    <field name="VAR">X/1</field>
                  </block>
                </value>
                <value name="ADD7">
                  <block type="text" id="64virYCLLhmix-]$}dMV">
                    <field name="TEXT"> | </field>
                  </block>
                </value>
                <value name="ADD8">
                  <block type="variables_get" id="2OVOSDf=M#o2:D:Lo]tN">
                    <field name="VAR">X/2</field>
                  </block>
                </value>
                <value name="ADD9">
                  <block type="text" id="lOk|UCTv=IXN8/N!.4N@">
                    <field name="TEXT"> | </field>
                  </block>
                </value>
                <value name="ADD10">
                  <block type="variables_get" id="A,](=_DMs=!.}ux(L(yd">
                    <field name="VAR">X/3</field>
                  </block>
                </value>
              </block>
            </value>
            <next>
              <block type="purchase" id="K)Vi+B:aRx-Nx{+p=Q,;">
                <field name="PURCHASE_LIST">PUT</field>
              </block>
            </next>
          </block>
        </statement>
        <statement name="ELSE">
          <block type="notify" id="s;/k$KNG$lwVj6GYl-.(">
            <field name="NOTIFICATION_TYPE">info</field>
            <field name="NOTIFICATION_SOUND">silent</field>
            <value name="MESSAGE">
              <shadow type="text" id="Z+fb?q9?tEfqPlg1mm+1">
                <field name="TEXT">abc</field>
              </shadow>
              <block type="text_join" id="E(8a:6nVa3i$)8TW@a~I" collapsed="true">
                <mutation items="11"></mutation>
                <value name="ADD0">
                  <block type="variables_get" id="@s]k?bLIIo!`Kiwft4V*">
                    <field name="VAR">Y|1</field>
                  </block>
                </value>
                <value name="ADD1">
                  <block type="text" id=".OS.LGAQ1ffvYrY[PK_k">
                    <field name="TEXT"> | </field>
                  </block>
                </value>
                <value name="ADD2">
                  <block type="variables_get" id="U@trrHsEFF7|i?GVyw:P">
                    <field name="VAR">Y|2</field>
                  </block>
                </value>
                <value name="ADD3">
                  <block type="text" id=":S]V~=jD4#u15S1WI,UQ">
                    <field name="TEXT"> | </field>
                  </block>
                </value>
                <value name="ADD4">
                  <block type="variables_get" id="gg_#qKUdzBzBR[v1XAc6">
                    <field name="VAR">Y|3</field>
                  </block>
                </value>
                <value name="ADD5">
                  <block type="text" id="uzzPV~@vL[QB+fqb_ytm">
                    <field name="TEXT">    ❯❮    </field>
                  </block>
                </value>
                <value name="ADD6">
                  <block type="variables_get" id="]M}B6WC2BbS{E@?@w7K%">
                    <field name="VAR">X/1</field>
                  </block>
                </value>
                <value name="ADD7">
                  <block type="text" id="L~0s@4B8X.$h(.2FAJel">
                    <field name="TEXT"> | </field>
                  </block>
                </value>
                <value name="ADD8">
                  <block type="variables_get" id="ym5:Ml|[$.Z1]?71MGni">
                    <field name="VAR">X/2</field>
                  </block>
                </value>
                <value name="ADD9">
                  <block type="text" id="rIvJ9kt+[03!xqFEKR^}">
                    <field name="TEXT"> | </field>
                  </block>
                </value>
                <value name="ADD10">
                  <block type="variables_get" id=";p=PP[0o_#M(+XD2$3kb">
                    <field name="VAR">X/3</field>
                  </block>
                </value>
              </block>
            </value>
          </block>
        </statement>
      </block>
    </statement>
  </block>
  <block type="after_purchase" id="D^Jz1^n=2vtZku1vBN@;" x="0" y="625">
    <statement name="AFTERPURCHASE_STACK">
      <block type="timeout" id="Nu)We@E[c2~Y8U-~u_9(">
        <statement name="TIMEOUTSTACK">
          <block type="trade_again" id="c)S|KjoQdXc8l#J@5z3P"></block>
        </statement>
        <value name="SECONDS">
          <shadow type="math_number" id="/{:,lLW$[WHHh1UaB0lV">
            <field name="NUM">5</field>
          </shadow>
        </value>
      </block>
    </statement>
  </block>
</xml>