﻿<xml xmlns="http://www.w3.org/1999/xhtml" collection="false">
  <variables>
    <variable type="" id="M91itssy3iET4~c?aIla">[fxl] Input Line 1</variable>
    <variable type="" id="vIhR9;rU|4Oz#9gjRH!d">[fxl] Input Line 2</variable>
    <variable type="" id="H836DL,0tU!hgn6_lJgE">_Target_Profit_</variable>
    <variable type="" id="IU`PMwYD;PQq]lyO4135">_Stop_Loss_</variable>
    <variable type="" id="6vMup2dX175XXe=s0N*C">_First_Stake_</variable>
    <variable type="" id="[QKrKSL!Y(agFcCz#d{s">_Martingale_Factor_</variable>
    <variable type="" id="9Cd5g[0w8Wm#nki2-{Q!">_Martingale_Level_</variable>
    <variable type="" id="b%d05?G]baA.tjZ|CX!b">_Martingale_Start_After_</variable>
    <variable type="" id=".oShJrUd{#!dxc?VE)a$">put [Result is Win] here</variable>
    <variable type="" id="r,@B6#9i{X+,qvEskNbi">put [Contract Detail : profit] here</variable>
    <variable type="" id="aqxJ4b(VbaKKVL[J;72p">fxl:CROSS</variable>
    <variable type="" id="b;vespW-Upjx1(0k0#IU">profit</variable>
    <variable type="" id="H{`*YJq}rCSb/Bo^(lNJ">Continue</variable>
    <variable type="" id="T@Fe}SWg!EpocP)*o8[u">_stake</variable>
    <variable type="" id="DKis#_YuI`M@8,eeT83z">FirstStake</variable>
    <variable type="" id="4eU,7bBFvCtefz};9ngV">TargetProfit</variable>
    <variable type="" id="Z:I$q%ef!n^54cxX,_{i">win_count</variable>
    <variable type="" id="pqe@l;d9?#%0:C}6;:YA">loss_count</variable>
    <variable type="" id="kH.id)x]kb9Eap!taZm)">OP</variable>
    <variable type="" id="!2!V@7]Za?P9`mYY=),*">RSI</variable>
    <variable type="" id="bidiJvX_?[|9E_/qAu{o">Stoploss</variable>
    <variable type="" id="?x]61=r%-j69hVsbkbX#">MartiLossLevel</variable>
    <variable type="" id="i9KgdqlxjA.+(Uq/vvXy">MartiFactor</variable>
    <variable type="" id=":$zR#%O0ap`k1pkxFEj,">loss_level</variable>
    <variable type="" id="]tU*rMO`=`(Eu2n|lu}6">MartiStart</variable>
  </variables>
  <block type="procedures_defnoreturn" id="}a,@Z2+P7P;,a3rB*+Zc" collapsed="true" x="0" y="0">
    <mutation>
      <arg name="_Target_Profit_" varid="H836DL,0tU!hgn6_lJgE"></arg>
      <arg name="_Stop_Loss_" varid="IU`PMwYD;PQq]lyO4135"></arg>
      <arg name="_First_Stake_" varid="6vMup2dX175XXe=s0N*C"></arg>
      <arg name="_Martingale_Factor_" varid="[QKrKSL!Y(agFcCz#d{s"></arg>
      <arg name="_Martingale_Level_" varid="9Cd5g[0w8Wm#nki2-{Q!"></arg>
      <arg name="_Martingale_Start_After_" varid="b%d05?G]baA.tjZ|CX!b"></arg>
    </mutation>
    <field name="NAME">(1) MPSU's Management</field>
    <comment pinned="false" h="80" w="160">MPSU's Management ver. 3.0</comment>
    <statement name="STACK">
      <block type="notify" id="G7~wRrfg?9}gSh#czLzG" collapsed="true">
        <field name="NOTIFICATION_TYPE">info</field>
        <field name="NOTIFICATION_SOUND">silent</field>
        <value name="MESSAGE">
          <block type="text" id="3GWKvKtkV`vSfzxdrUt=">
            <field name="TEXT">MPSU's Martingale ver. 3.0</field>
          </block>
        </value>
        <next>
          <block type="variables_set" id="FK4u?paD9^I-!5Ai)Jjl" collapsed="true">
            <field name="VAR" id="DKis#_YuI`M@8,eeT83z" variabletype="">FirstStake</field>
            <value name="VALUE">
              <block type="variables_get" id="?mfNzA`8peRWy,e~svE0">
                <field name="VAR" id="6vMup2dX175XXe=s0N*C" variabletype="">_First_Stake_</field>
              </block>
            </value>
            <next>
              <block type="variables_set" id="6?YL[uBR,$:+Z.j;Kti(" collapsed="true">
                <field name="VAR" id="T@Fe}SWg!EpocP)*o8[u" variabletype="">_stake</field>
                <value name="VALUE">
                  <block type="variables_get" id="TR`xGTpoI16iZ/$}H/4z">
                    <field name="VAR" id="6vMup2dX175XXe=s0N*C" variabletype="">_First_Stake_</field>
                  </block>
                </value>
                <next>
                  <block type="variables_set" id="snPg/%U^oi}xnFjCE]IU" collapsed="true">
                    <field name="VAR" id="4eU,7bBFvCtefz};9ngV" variabletype="">TargetProfit</field>
                    <value name="VALUE">
                      <block type="variables_get" id="K1Woch)cO11X:{raUI]Y">
                        <field name="VAR" id="H836DL,0tU!hgn6_lJgE" variabletype="">_Target_Profit_</field>
                      </block>
                    </value>
                    <next>
                      <block type="variables_set" id="FH65,OQ3n?21Hv.c60QZ" collapsed="true">
                        <field name="VAR" id="bidiJvX_?[|9E_/qAu{o" variabletype="">Stoploss</field>
                        <value name="VALUE">
                          <block type="math_single" id="~RqJiX@$dbDTn56tX~(!">
                            <field name="OP">NEG</field>
                            <value name="NUM">
                              <shadow type="math_number" id=":*O0u?1~mablmyFH9nQ^">
                                <field name="NUM">9</field>
                              </shadow>
                              <block type="math_single" id="Fc7b(_3%H~X(pjboD3g4">
                                <field name="OP">ABS</field>
                                <value name="NUM">
                                  <shadow type="math_number" id="KJyX:Z7HpG+zVVn[[$5L">
                                    <field name="NUM">9</field>
                                  </shadow>
                                  <block type="variables_get" id="r7!OjfMm)T_)D++HZ*u0">
                                    <field name="VAR" id="IU`PMwYD;PQq]lyO4135" variabletype="">_Stop_Loss_</field>
                                  </block>
                                </value>
                              </block>
                            </value>
                          </block>
                        </value>
                        <next>
                          <block type="variables_set" id=",Qt{5W:S090vgVGe@=^b" collapsed="true">
                            <field name="VAR" id="?x]61=r%-j69hVsbkbX#" variabletype="">MartiLossLevel</field>
                            <value name="VALUE">
                              <block type="variables_get" id="TJ$1?4QP1~b0Y)u8Er,?">
                                <field name="VAR" id="9Cd5g[0w8Wm#nki2-{Q!" variabletype="">_Martingale_Level_</field>
                              </block>
                            </value>
                            <next>
                              <block type="variables_set" id="F7E,GI03fZ-!.sSi8nvu" collapsed="true">
                                <field name="VAR" id="i9KgdqlxjA.+(Uq/vvXy" variabletype="">MartiFactor</field>
                                <value name="VALUE">
                                  <block type="variables_get" id="5QnPe]lP**xA=obEC:rR">
                                    <field name="VAR" id="[QKrKSL!Y(agFcCz#d{s" variabletype="">_Martingale_Factor_</field>
                                  </block>
                                </value>
                                <next>
                                  <block type="variables_set" id="BIbY[H2x_K8WYS^Wn`U!" collapsed="true">
                                    <field name="VAR" id="]tU*rMO`=`(Eu2n|lu}6" variabletype="">MartiStart</field>
                                    <value name="VALUE">
                                      <block type="variables_get" id="87M[Cp[!`k{t[TOy_L?e">
                                        <field name="VAR" id="b%d05?G]baA.tjZ|CX!b" variabletype="">_Martingale_Start_After_</field>
                                      </block>
                                    </value>
                                    <next>
                                      <block type="variables_set" id="MlN8XJW]z%Nn$vX!fwUC">
                                        <field name="VAR" id="b;vespW-Upjx1(0k0#IU" variabletype="">profit</field>
                                        <value name="VALUE">
                                          <block type="math_number" id="AXE:PR%~GtPn!J;zVdU4">
                                            <field name="NUM">0</field>
                                          </block>
                                        </value>
                                        <next>
                                          <block type="variables_set" id="/V`@3MI!XOl2iQu8)MRG">
                                            <field name="VAR" id="Z:I$q%ef!n^54cxX,_{i" variabletype="">win_count</field>
                                            <value name="VALUE">
                                              <block type="math_number" id="@uMNRq7*h6CpK{OL*`1;">
                                                <field name="NUM">0</field>
                                              </block>
                                            </value>
                                            <next>
                                              <block type="variables_set" id="*_wi!@b$%T/+ip`iQtD|">
                                                <field name="VAR" id="pqe@l;d9?#%0:C}6;:YA" variabletype="">loss_count</field>
                                                <value name="VALUE">
                                                  <block type="math_number" id="@6~ol6rGo)hiSc:6#V1^">
                                                    <field name="NUM">0</field>
                                                  </block>
                                                </value>
                                                <next>
                                                  <block type="variables_set" id="6hiRA01::q+6xm.mhYk}">
                                                    <field name="VAR" id=":$zR#%O0ap`k1pkxFEj," variabletype="">loss_level</field>
                                                    <value name="VALUE">
                                                      <block type="math_number" id="cs!D-m]M+4^%Uv=SwMP%">
                                                        <field name="NUM">0</field>
                                                      </block>
                                                    </value>
                                                  </block>
                                                </next>
                                              </block>
                                            </next>
                                          </block>
                                        </next>
                                      </block>
                                    </next>
                                  </block>
                                </next>
                              </block>
                            </next>
                          </block>
                        </next>
                      </block>
                    </next>
                  </block>
                </next>
              </block>
            </next>
          </block>
        </next>
      </block>
    </statement>
  </block>
  <block type="procedures_defreturn" id="=78^x1,M_K`EPoWP8B#4" collapsed="true" x="0" y="53">
    <mutation>
      <arg name="put [Result is Win] here" varid=".oShJrUd{#!dxc?VE)a$"></arg>
      <arg name="put [Contract Detail : profit] here" varid="r,@B6#9i{X+,qvEskNbi"></arg>
    </mutation>
    <field name="NAME">(4) MPSU Trade again</field>
    <comment pinned="false" h="80" w="160">MPSU's Management ver. 3.0</comment>
    <statement name="STACK">
      <block type="math_change" id="5mMvn7#-6MC#=J5k3?PV" collapsed="true">
        <field name="VAR" id="b;vespW-Upjx1(0k0#IU" variabletype="">profit</field>
        <value name="DELTA">
          <shadow type="math_number" id="!`~mJ[ITS6N=uY[f!Jo%">
            <field name="NUM">1</field>
          </shadow>
          <block type="variables_get" id=".j]ZF3LWu9*=.nIi9(Gp">
            <field name="VAR" id="r,@B6#9i{X+,qvEskNbi" variabletype="">put [Contract Detail : profit] here</field>
          </block>
        </value>
        <next>
          <block type="variables_set" id="Ntd8/neg-yW_~sW%z8Jm" collapsed="true">
            <field name="VAR" id="b;vespW-Upjx1(0k0#IU" variabletype="">profit</field>
            <value name="VALUE">
              <block type="math_arithmetic" id="OonVVD66.u7{{wXOy]D)">
                <field name="OP">DIVIDE</field>
                <value name="A">
                  <shadow type="math_number" id="BJLl,k}i_-.}(X^0Rt%[">
                    <field name="NUM">1</field>
                  </shadow>
                  <block type="math_round" id="F4bqA@k.0Pxp]j99~T|@">
                    <field name="OP">ROUND</field>
                    <value name="NUM">
                      <shadow type="math_number" id="enW;6`Y#VQ8j3,1ir3KU">
                        <field name="NUM">3.1</field>
                      </shadow>
                      <block type="math_arithmetic" id="Su++(AeXbX,`P::$9IIG">
                        <field name="OP">MULTIPLY</field>
                        <value name="A">
                          <shadow type="math_number" id="}kZ5|+fH9G83t.$we7~]">
                            <field name="NUM">1</field>
                          </shadow>
                          <block type="variables_get" id="^][hS|MfVLhwa~_,U~fK">
                            <field name="VAR" id="b;vespW-Upjx1(0k0#IU" variabletype="">profit</field>
                          </block>
                        </value>
                        <value name="B">
                          <shadow type="math_number" id=".H#}U`Qa_N#b^$I9(Vh2">
                            <field name="NUM">100</field>
                          </shadow>
                        </value>
                      </block>
                    </value>
                  </block>
                </value>
                <value name="B">
                  <shadow type="math_number" id="ytnd8Z:12vFa*j,jpfx`">
                    <field name="NUM">100</field>
                  </shadow>
                </value>
              </block>
            </value>
            <next>
              <block type="controls_if" id="2haL5s765kSl{T~T5Z^k">
                <mutation else="1"></mutation>
                <value name="IF0">
                  <block type="variables_get" id="j0Q0xvW7M*PhQfuf|p-$">
                    <field name="VAR" id=".oShJrUd{#!dxc?VE)a$" variabletype="">put [Result is Win] here</field>
                  </block>
                </value>
                <statement name="DO0">
                  <block type="math_change" id="B_t!T1WWGTt2L#=XAq$4">
                    <field name="VAR" id="Z:I$q%ef!n^54cxX,_{i" variabletype="">win_count</field>
                    <value name="DELTA">
                      <shadow type="math_number" id="1~)C)c$Zi*p]5Jddfgq_">
                        <field name="NUM">1</field>
                      </shadow>
                    </value>
                    <next>
                      <block type="variables_set" id="aPRpWycsb.n=U#B:fTZD">
                        <field name="VAR" id="pqe@l;d9?#%0:C}6;:YA" variabletype="">loss_count</field>
                        <value name="VALUE">
                          <block type="math_number" id="wo=CHjiCccmpWlCo@aA[">
                            <field name="NUM">0</field>
                          </block>
                        </value>
                        <next>
                          <block type="variables_set" id="LC75k*LDcS-{XNrO$Vgg">
                            <field name="VAR" id="T@Fe}SWg!EpocP)*o8[u" variabletype="">_stake</field>
                            <value name="VALUE">
                              <block type="variables_get" id="4Yg%mKmDs{,~WL~;oa%e">
                                <field name="VAR" id="DKis#_YuI`M@8,eeT83z" variabletype="">FirstStake</field>
                              </block>
                            </value>
                          </block>
                        </next>
                      </block>
                    </next>
                  </block>
                </statement>
                <statement name="ELSE">
                  <block type="math_change" id="(6=+$/+DEbysDWc])WBD">
                    <field name="VAR" id="pqe@l;d9?#%0:C}6;:YA" variabletype="">loss_count</field>
                    <value name="DELTA">
                      <shadow type="math_number" id="[W_X?#)Dv,gm)Ff#:8T8">
                        <field name="NUM">1</field>
                      </shadow>
                    </value>
                    <next>
                      <block type="variables_set" id="V*^dRX_0}whp$+CPNq{x">
                        <field name="VAR" id="Z:I$q%ef!n^54cxX,_{i" variabletype="">win_count</field>
                        <value name="VALUE">
                          <block type="math_number" id="8M!%N2:W2r1cS=tvBqxM">
                            <field name="NUM">0</field>
                          </block>
                        </value>
                        <next>
                          <block type="controls_if" id="-2K^5T@7olg3M6J%I4$B">
                            <value name="IF0">
                              <block type="logic_compare" id="ChDetwZuo;cU6yL{-B{A">
                                <field name="OP">GT</field>
                                <value name="A">
                                  <block type="variables_get" id=".Y*ozIy;+ADs#R8Coh6G">
                                    <field name="VAR" id="pqe@l;d9?#%0:C}6;:YA" variabletype="">loss_count</field>
                                  </block>
                                </value>
                                <value name="B">
                                  <block type="variables_get" id="CL]-YIRi^FOdkf{MohQ|">
                                    <field name="VAR" id=":$zR#%O0ap`k1pkxFEj," variabletype="">loss_level</field>
                                  </block>
                                </value>
                              </block>
                            </value>
                            <statement name="DO0">
                              <block type="variables_set" id="1@C;LXDelk94-)4~K`n=">
                                <field name="VAR" id=":$zR#%O0ap`k1pkxFEj," variabletype="">loss_level</field>
                                <value name="VALUE">
                                  <block type="variables_get" id="Ea|:QN:u+Rt[V_J6|1G+">
                                    <field name="VAR" id="pqe@l;d9?#%0:C}6;:YA" variabletype="">loss_count</field>
                                  </block>
                                </value>
                              </block>
                            </statement>
                            <next>
                              <block type="controls_if" id="?*0^p~(7r2d3-T7z81hI">
                                <value name="IF0">
                                  <block type="logic_compare" id=")y{t.fO)Lb.Zcrs5V4kc">
                                    <field name="OP">GT</field>
                                    <value name="A">
                                      <block type="variables_get" id="xSlsjibK)miodTkmM%GI">
                                        <field name="VAR" id="?x]61=r%-j69hVsbkbX#" variabletype="">MartiLossLevel</field>
                                      </block>
                                    </value>
                                    <value name="B">
                                      <block type="math_number" id="+{rz6u4h%JKj:-4yvC+#">
                                        <field name="NUM">0</field>
                                      </block>
                                    </value>
                                  </block>
                                </value>
                                <statement name="DO0">
                                  <block type="controls_if" id="|~H{~C=_%yzL(L+Ih?6=">
                                    <value name="IF0">
                                      <block type="logic_operation" id="{01rxUq[%FxUb9PE.!UA">
                                        <field name="OP">AND</field>
                                        <value name="A">
                                          <block type="logic_compare" id="x]ZySsjj1^93Zd(-iWh#">
                                            <field name="OP">GT</field>
                                            <value name="A">
                                              <block type="variables_get" id="4c9GWE)n3Ot}n[:HT;,P">
                                                <field name="VAR" id="]tU*rMO`=`(Eu2n|lu}6" variabletype="">MartiStart</field>
                                              </block>
                                            </value>
                                            <value name="B">
                                              <block type="math_number" id="m`.{:5r,BBM8qV)#goY?">
                                                <field name="NUM">0</field>
                                              </block>
                                            </value>
                                          </block>
                                        </value>
                                        <value name="B">
                                          <block type="logic_compare" id="XWUrB+iXH{$8H{G.pj]P">
                                            <field name="OP">GTE</field>
                                            <value name="A">
                                              <block type="variables_get" id="96)hM+J+rW1h/2CiCNV=">
                                                <field name="VAR" id="pqe@l;d9?#%0:C}6;:YA" variabletype="">loss_count</field>
                                              </block>
                                            </value>
                                            <value name="B">
                                              <block type="variables_get" id="1ghuM[;g9B!OkEk|Jq-+">
                                                <field name="VAR" id="]tU*rMO`=`(Eu2n|lu}6" variabletype="">MartiStart</field>
                                              </block>
                                            </value>
                                          </block>
                                        </value>
                                      </block>
                                    </value>
                                    <statement name="DO0">
                                      <block type="controls_if" id="Xod]f!9?Cp7s`^TCco:[">
                                        <mutation else="1"></mutation>
                                        <value name="IF0">
                                          <block type="logic_compare" id="3,rl=}wztcTxR`uL/^v*">
                                            <field name="OP">LTE</field>
                                            <value name="A">
                                              <block type="variables_get" id="C1`8WB-bd[X1Ih%.BVH=">
                                                <field name="VAR" id="pqe@l;d9?#%0:C}6;:YA" variabletype="">loss_count</field>
                                              </block>
                                            </value>
                                            <value name="B">
                                              <block type="variables_get" id="YCU-oD11NiMjpns6K|J_">
                                                <field name="VAR" id="?x]61=r%-j69hVsbkbX#" variabletype="">MartiLossLevel</field>
                                              </block>
                                            </value>
                                          </block>
                                        </value>
                                        <statement name="DO0">
                                          <block type="math_change" id=")x3(])A|!w=FlJ}Z*aKI">
                                            <field name="VAR" id="T@Fe}SWg!EpocP)*o8[u" variabletype="">_stake</field>
                                            <value name="DELTA">
                                              <shadow type="math_number" id="iOY0jJ`9*c:I2Hd:QJ_Y">
                                                <field name="NUM">1</field>
                                              </shadow>
                                              <block type="math_arithmetic" id="K/wo]$5[Ba#a7evooV~F">
                                                <field name="OP">MULTIPLY</field>
                                                <value name="A">
                                                  <shadow type="math_number" id="}P^(EoAZ-YU-MS4SDvmg">
                                                    <field name="NUM">1</field>
                                                  </shadow>
                                                  <block type="variables_get" id="0%H*qOjo3?RAmRO$2U/-">
                                                    <field name="VAR" id="T@Fe}SWg!EpocP)*o8[u" variabletype="">_stake</field>
                                                  </block>
                                                </value>
                                                <value name="B">
                                                  <shadow type="math_number" id="/LcPg[ufeL@.EuFQjyeY">
                                                    <field name="NUM">1</field>
                                                  </shadow>
                                                  <block type="variables_get" id="4GqI7Qc3mqsKGEJKSnT3">
                                                    <field name="VAR" id="i9KgdqlxjA.+(Uq/vvXy" variabletype="">MartiFactor</field>
                                                  </block>
                                                </value>
                                              </block>
                                            </value>
                                          </block>
                                        </statement>
                                        <statement name="ELSE">
                                          <block type="notify" id="#5H3/1qD}yohz+9b*G+6">
                                            <field name="NOTIFICATION_TYPE">info</field>
                                            <field name="NOTIFICATION_SOUND">silent</field>
                                            <value name="MESSAGE">
                                              <block type="text" id="y8VYir#xh^o24B^w@-%r">
                                                <field name="TEXT">[M] Martingale reset</field>
                                              </block>
                                            </value>
                                            <next>
                                              <block type="variables_set" id="hg/UOO#$+B8Il2Lz:Nv}">
                                                <field name="VAR" id="T@Fe}SWg!EpocP)*o8[u" variabletype="">_stake</field>
                                                <value name="VALUE">
                                                  <block type="variables_get" id="ubl$r:9]5M{I8+vX;PP/">
                                                    <field name="VAR" id="DKis#_YuI`M@8,eeT83z" variabletype="">FirstStake</field>
                                                  </block>
                                                </value>
                                              </block>
                                            </next>
                                          </block>
                                        </statement>
                                      </block>
                                    </statement>
                                  </block>
                                </statement>
                              </block>
                            </next>
                          </block>
                        </next>
                      </block>
                    </next>
                  </block>
                </statement>
                <next>
                  <block type="variables_set" id="Ii~,V*I}==%{VbzSUcNW">
                    <field name="VAR" id="H{`*YJq}rCSb/Bo^(lNJ" variabletype="">Continue</field>
                    <value name="VALUE">
                      <block type="logic_boolean" id="IJrFVDwIh9*V/-*GcP3$">
                        <field name="BOOL">FALSE</field>
                      </block>
                    </value>
                    <next>
                      <block type="controls_if" id="?t=R4#bB1Ph_eG%)U{Zq">
                        <mutation elseif="1" else="1"></mutation>
                        <value name="IF0">
                          <block type="logic_compare" id="n(-qX6sIpX~Fo[1%T`a]">
                            <field name="OP">GTE</field>
                            <value name="A">
                              <block type="variables_get" id="pRRkIZW;yZXTP,Ec2#%7">
                                <field name="VAR" id="b;vespW-Upjx1(0k0#IU" variabletype="">profit</field>
                              </block>
                            </value>
                            <value name="B">
                              <block type="variables_get" id=".J0l4%b9|`DFbsS4y+@b">
                                <field name="VAR" id="4eU,7bBFvCtefz};9ngV" variabletype="">TargetProfit</field>
                              </block>
                            </value>
                          </block>
                        </value>
                        <statement name="DO0">
                          <block type="text_print" id="fQK[F8W}8)x=k0Y$nDnR" collapsed="true">
                            <value name="TEXT">
                              <shadow type="text" id="dJ4OA.-2N8i,6Qy7r!J|">
                                <field name="TEXT">abc</field>
                              </shadow>
                              <block type="text_join" id="Whtg8.!W#_q;bm-PSDK(">
                                <mutation items="2"></mutation>
                                <value name="ADD0">
                                  <block type="text" id=")|MP_xd~9oo!y10?cM;O">
                                    <field name="TEXT">Take profit $</field>
                                  </block>
                                </value>
                                <value name="ADD1">
                                  <block type="variables_get" id="tp=nlW)P|8TI#JCR-R`Z">
                                    <field name="VAR" id="b;vespW-Upjx1(0k0#IU" variabletype="">profit</field>
                                  </block>
                                </value>
                              </block>
                            </value>
                          </block>
                        </statement>
                        <value name="IF1">
                          <block type="logic_compare" id="wqaUuu5;d0qWr@A9R8Uv">
                            <field name="OP">LTE</field>
                            <value name="A">
                              <block type="variables_get" id="iJUy9eQ?_qq:Fx#e:!;)">
                                <field name="VAR" id="b;vespW-Upjx1(0k0#IU" variabletype="">profit</field>
                              </block>
                            </value>
                            <value name="B">
                              <block type="variables_get" id="?=LuB)pGx9NhJuh30YA+">
                                <field name="VAR" id="bidiJvX_?[|9E_/qAu{o" variabletype="">Stoploss</field>
                              </block>
                            </value>
                          </block>
                        </value>
                        <statement name="DO1">
                          <block type="text_print" id="+fc,,fh/fwUH3nhoFc3f" collapsed="true">
                            <value name="TEXT">
                              <shadow type="text" id="dJ4OA.-2N8i,6Qy7r!J|">
                                <field name="TEXT">abc</field>
                              </shadow>
                              <block type="text_join" id="]gq4NH~_PD.#^!q#_{UN">
                                <mutation items="2"></mutation>
                                <value name="ADD0">
                                  <block type="text" id="T~7).e8^W6THQjOa6c:v">
                                    <field name="TEXT">Stop loss (profit/loss) $</field>
                                  </block>
                                </value>
                                <value name="ADD1">
                                  <block type="variables_get" id="e~X%5c6eC?N6h}{GYA2o">
                                    <field name="VAR" id="b;vespW-Upjx1(0k0#IU" variabletype="">profit</field>
                                  </block>
                                </value>
                              </block>
                            </value>
                          </block>
                        </statement>
                        <statement name="ELSE">
                          <block type="controls_if" id="g`8h+Pq;/Z=wuJIIBr`Z">
                            <mutation else="1"></mutation>
                            <value name="IF0">
                              <block type="logic_compare" id="Q}%H((m|!LOeIVHKxGbv">
                                <field name="OP">GT</field>
                                <value name="A">
                                  <block type="variables_get" id="V$I5(R=s}FQh708v+Vm#">
                                    <field name="VAR" id="b;vespW-Upjx1(0k0#IU" variabletype="">profit</field>
                                  </block>
                                </value>
                                <value name="B">
                                  <block type="math_number" id="$W;*/?A}DM!.(x;-wpFE">
                                    <field name="NUM">0</field>
                                  </block>
                                </value>
                              </block>
                            </value>
                            <statement name="DO0">
                              <block type="notify" id="]7Cq=rQ1D00M},$ck5=;">
                                <field name="NOTIFICATION_TYPE">info</field>
                                <field name="NOTIFICATION_SOUND">silent</field>
                                <value name="MESSAGE">
                                  <block type="text_join" id="So,=5m|b]84g6aQ`jzah">
                                    <mutation items="6"></mutation>
                                    <value name="ADD0">
                                      <block type="text" id="Ww6Utk^Ce:2M^1:IbEYq">
                                        <field name="TEXT">[M] Total profit $ </field>
                                      </block>
                                    </value>
                                    <value name="ADD1">
                                      <block type="variables_get" id="-zUe!0X+$J)uWJg7w-Fc">
                                        <field name="VAR" id="b;vespW-Upjx1(0k0#IU" variabletype="">profit</field>
                                      </block>
                                    </value>
                                    <value name="ADD2">
                                      <block type="text" id="G3TZRjfZwb?/vG!DnT-p">
                                        <field name="TEXT"> || Loss Level </field>
                                      </block>
                                    </value>
                                    <value name="ADD3">
                                      <block type="variables_get" id="WYfM1_eJld$zj?B0ZM/j">
                                        <field name="VAR" id=":$zR#%O0ap`k1pkxFEj," variabletype="">loss_level</field>
                                      </block>
                                    </value>
                                    <value name="ADD4">
                                      <block type="text" id="WEGot82rEmQ0!.2Uk-jj">
                                        <field name="TEXT"> || Loss Count </field>
                                      </block>
                                    </value>
                                    <value name="ADD5">
                                      <block type="variables_get" id="xFl$)$6){r3_`5XW`biS">
                                        <field name="VAR" id="pqe@l;d9?#%0:C}6;:YA" variabletype="">loss_count</field>
                                      </block>
                                    </value>
                                  </block>
                                </value>
                              </block>
                            </statement>
                            <statement name="ELSE">
                              <block type="notify" id="8QOsp0}TU)_%#dE?4He!">
                                <field name="NOTIFICATION_TYPE">warn</field>
                                <field name="NOTIFICATION_SOUND">silent</field>
                                <value name="MESSAGE">
                                  <block type="text_join" id="L/vB,K]@s{!9Qx^s!Pl-">
                                    <mutation items="6"></mutation>
                                    <value name="ADD0">
                                      <block type="text" id="Z`|]KLN43:/oO3eh43%/">
                                        <field name="TEXT">[M] Total loss $ </field>
                                      </block>
                                    </value>
                                    <value name="ADD1">
                                      <block type="variables_get" id="C5)f7$5$O{Y)n.G6Q;Pt">
                                        <field name="VAR" id="b;vespW-Upjx1(0k0#IU" variabletype="">profit</field>
                                      </block>
                                    </value>
                                    <value name="ADD2">
                                      <block type="text" id="N{K7$tD$F$~C4BDS,.p%">
                                        <field name="TEXT"> || Loss Level </field>
                                      </block>
                                    </value>
                                    <value name="ADD3">
                                      <block type="variables_get" id=")Uaa(R~.]e.pd[?8cnj?">
                                        <field name="VAR" id=":$zR#%O0ap`k1pkxFEj," variabletype="">loss_level</field>
                                      </block>
                                    </value>
                                    <value name="ADD4">
                                      <block type="text" id="emB3SZnkebI:XD]F#x@7">
                                        <field name="TEXT"> || Loss Count </field>
                                      </block>
                                    </value>
                                    <value name="ADD5">
                                      <block type="variables_get" id="~$f~AKl6NjBpX4$y+W/8">
                                        <field name="VAR" id="pqe@l;d9?#%0:C}6;:YA" variabletype="">loss_count</field>
                                      </block>
                                    </value>
                                  </block>
                                </value>
                              </block>
                            </statement>
                            <next>
                              <block type="variables_set" id="o88-OoU#i@|Gn^I[1rf1">
                                <field name="VAR" id="H{`*YJq}rCSb/Bo^(lNJ" variabletype="">Continue</field>
                                <value name="VALUE">
                                  <block type="logic_boolean" id="exXi?*3Wu(`Gl$s6cDU[">
                                    <field name="BOOL">TRUE</field>
                                  </block>
                                </value>
                              </block>
                            </next>
                          </block>
                        </statement>
                      </block>
                    </next>
                  </block>
                </next>
              </block>
            </next>
          </block>
        </next>
      </block>
    </statement>
    <value name="RETURN">
      <block type="variables_get" id="`QS.RAQ`zLWY(L^,u`~t">
        <field name="VAR" id="H{`*YJq}rCSb/Bo^(lNJ" variabletype="">Continue</field>
      </block>
    </value>
  </block>
  <block type="procedures_defreturn" id="e_)Y1VUG^rh/`U,=QkZS" collapsed="true" x="0" y="106">
    <field name="NAME">MPSU's stake</field>
    <comment pinned="false" h="80" w="160">MPSU's Management ver. 3.0</comment>
    <value name="RETURN">
      <block type="variables_get" id="34Z3O=w8Bfue%Isf=:h8">
        <field name="VAR" id="T@Fe}SWg!EpocP)*o8[u" variabletype="">_stake</field>
      </block>
    </value>
  </block>
  <block type="procedures_defnoreturn" id="Qn5|UI%;X,3cxsafjI;0" collapsed="true" x="0" y="159">
    <mutation>
      <arg name="[fxl] Input Line 1" varid="M91itssy3iET4~c?aIla"></arg>
      <arg name="[fxl] Input Line 2" varid="vIhR9;rU|4Oz#9gjRH!d"></arg>
    </mutation>
    <field name="NAME">MPSU's CROSS-Lines Satu</field>
    <comment pinned="false" h="80" w="160">CROSS-Lines by Fruitfella</comment>
    <statement name="STACK">
      <block type="variables_set" id="81WM+#rWWZoz~]/`1*f`">
        <field name="VAR" id="aqxJ4b(VbaKKVL[J;72p" variabletype="">fxl:CROSS</field>
        <value name="VALUE">
          <block type="logic_null" id="k!!XQ!wV5k;,r=U|`,[5"></block>
        </value>
        <next>
          <block type="controls_if" id="F^chlqXZrbvl|O]nR]UF">
            <mutation elseif="3" else="1"></mutation>
            <value name="IF0">
              <block type="logic_negate" id="wSO4e7kpPa+deKV_Fp_E">
                <value name="BOOL">
                  <block type="variables_get" id="f?.(:KJ1m:$5F*c!B{~u">
                    <field name="VAR" id="M91itssy3iET4~c?aIla" variabletype="">[fxl] Input Line 1</field>
                  </block>
                </value>
              </block>
            </value>
            <statement name="DO0">
              <block type="notify" id="tgELK8FeNVnktM7uG0A-">
                <field name="NOTIFICATION_TYPE">error</field>
                <field name="NOTIFICATION_SOUND">error</field>
                <value name="MESSAGE">
                  <shadow type="text" id="/ZNH%6T20H,Z=qhtVX5Q">
                    <field name="TEXT">MPSU's CROSS-Lines || Error! Line 1 and Line 2 must not empty!!</field>
                  </shadow>
                </value>
                <next>
                  <block type="notify" id="l*c6]0zn+kw:!#c,Hkl3">
                    <field name="NOTIFICATION_TYPE">error</field>
                    <field name="NOTIFICATION_SOUND">silent</field>
                    <value name="MESSAGE">
                      <shadow type="text" id="-^t$z,a05%J=G.gW-70k">
                        <field name="TEXT">|| Please input "LIST" data to Line 1 ||</field>
                      </shadow>
                    </value>
                  </block>
                </next>
              </block>
            </statement>
            <value name="IF1">
              <block type="logic_negate" id="3Uk19/[ZWq4F-Te,Ss,O">
                <value name="BOOL">
                  <block type="variables_get" id="-Mrg)jlI^t}]z,tzInCO">
                    <field name="VAR" id="vIhR9;rU|4Oz#9gjRH!d" variabletype="">[fxl] Input Line 2</field>
                  </block>
                </value>
              </block>
            </value>
            <statement name="DO1">
              <block type="notify" id="l7O_keZvQ$a^CB0XU.9d">
                <field name="NOTIFICATION_TYPE">error</field>
                <field name="NOTIFICATION_SOUND">error</field>
                <value name="MESSAGE">
                  <shadow type="text" id="C-{q%uWl4lmxc1n%vkiO">
                    <field name="TEXT">MPSU's CROSS-Lines || Error! Line 1 and Line 2 must not empty!!</field>
                  </shadow>
                </value>
                <next>
                  <block type="notify" id="7|PJa2C8;#p-g}C13Y[b">
                    <field name="NOTIFICATION_TYPE">error</field>
                    <field name="NOTIFICATION_SOUND">silent</field>
                    <value name="MESSAGE">
                      <shadow type="text" id="llg=kpyOuX9rRc7:5f)V">
                        <field name="TEXT">|| Please input "LIST" data to Line 2 ||</field>
                      </shadow>
                    </value>
                  </block>
                </next>
              </block>
            </statement>
            <value name="IF2">
              <block type="math_number_property" id="n|hT*N!sT/i/m^4Tl|^W">
                <mutation divisor_input="false"></mutation>
                <field name="PROPERTY">WHOLE</field>
                <value name="NUMBER_TO_CHECK">
                  <shadow type="math_number" id="Y$6)5bKkNCh=Xl4EgM/%">
                    <field name="NUM">0</field>
                  </shadow>
                  <block type="variables_get" id=")$,mSy;]Hk2zsJmVa3vc">
                    <field name="VAR" id="M91itssy3iET4~c?aIla" variabletype="">[fxl] Input Line 1</field>
                  </block>
                </value>
              </block>
            </value>
            <statement name="DO2">
              <block type="notify" id="n//;Wx_Ml%..T4dKfeco">
                <field name="NOTIFICATION_TYPE">error</field>
                <field name="NOTIFICATION_SOUND">error</field>
                <value name="MESSAGE">
                  <shadow type="text" id="4N|8,7!HL,`h/J^^:.Am">
                    <field name="TEXT">MPSU's CROSS-Lines || Error! Wrong data on Line 1!!</field>
                  </shadow>
                </value>
                <next>
                  <block type="notify" id="mlDZpI%h95t{kA3)(15c">
                    <field name="NOTIFICATION_TYPE">error</field>
                    <field name="NOTIFICATION_SOUND">silent</field>
                    <value name="MESSAGE">
                      <shadow type="text" id="cB):G6/TZXx$gnxaubDE">
                        <field name="TEXT">|| Please input "LIST" data to Line 1 ||</field>
                      </shadow>
                    </value>
                  </block>
                </next>
              </block>
            </statement>
            <value name="IF3">
              <block type="math_number_property" id="}6^Kt(!$iDeMnODUa,zu">
                <mutation divisor_input="false"></mutation>
                <field name="PROPERTY">WHOLE</field>
                <value name="NUMBER_TO_CHECK">
                  <shadow type="math_number" id="Y$6)5bKkNCh=Xl4EgM/%">
                    <field name="NUM">0</field>
                  </shadow>
                  <block type="variables_get" id="sC`:D=`9M@oSQqt/d^rN">
                    <field name="VAR" id="vIhR9;rU|4Oz#9gjRH!d" variabletype="">[fxl] Input Line 2</field>
                  </block>
                </value>
              </block>
            </value>
            <statement name="DO3">
              <block type="notify" id="5OCezvJ(VWjP88U`UM44">
                <field name="NOTIFICATION_TYPE">error</field>
                <field name="NOTIFICATION_SOUND">error</field>
                <value name="MESSAGE">
                  <shadow type="text" id="`Vkx$:o[Y!4#pHQBLZVb">
                    <field name="TEXT">MPSU's CROSS-Lines || Error! Wrong data on Line 2!!</field>
                  </shadow>
                </value>
                <next>
                  <block type="notify" id="A+TQs,:WHPR%~=48cIo6">
                    <field name="NOTIFICATION_TYPE">error</field>
                    <field name="NOTIFICATION_SOUND">silent</field>
                    <value name="MESSAGE">
                      <shadow type="text" id="k,:4BZ|pJj49Q+LPb|JU">
                        <field name="TEXT">|| Please input "LIST" data to Line 2 ||</field>
                      </shadow>
                    </value>
                  </block>
                </next>
              </block>
            </statement>
            <statement name="ELSE">
              <block type="controls_if" id="M1#M#g9)*D38:tTd@(yK">
                <mutation elseif="1"></mutation>
                <value name="IF0">
                  <block type="logic_compare" id="Zg{Ez~lEO)`=7y71psZ?">
                    <field name="OP">GT</field>
                    <value name="A">
                      <block type="lists_getIndex" id="@0A[Yq_BEz}Q]^z4qzDs">
                        <mutation statement="false" at="true"></mutation>
                        <field name="MODE">GET</field>
                        <field name="WHERE">FROM_END</field>
                        <value name="VALUE">
                          <block type="variables_get" id="rh|VVjf#Eym[gnIaa5|Q">
                            <field name="VAR" id="M91itssy3iET4~c?aIla" variabletype="">[fxl] Input Line 1</field>
                          </block>
                        </value>
                        <value name="AT">
                          <block type="math_number" id="rCiZ8F!|nL7PsBlW6b~4">
                            <field name="NUM">1</field>
                          </block>
                        </value>
                      </block>
                    </value>
                    <value name="B">
                      <block type="lists_getIndex" id="1,4^G|e2;pur?=Z:oNM%">
                        <mutation statement="false" at="true"></mutation>
                        <field name="MODE">GET</field>
                        <field name="WHERE">FROM_END</field>
                        <value name="VALUE">
                          <block type="variables_get" id="Tcy5_3+FJ=)Z?ck42Z59">
                            <field name="VAR" id="vIhR9;rU|4Oz#9gjRH!d" variabletype="">[fxl] Input Line 2</field>
                          </block>
                        </value>
                        <value name="AT">
                          <block type="math_number" id="t=W9+ucnBoqY=y%X021_">
                            <field name="NUM">1</field>
                          </block>
                        </value>
                      </block>
                    </value>
                  </block>
                </value>
                <statement name="DO0">
                  <block type="controls_if" id="^L|og?Fi#Y2)rXprLz3^">
                    <mutation elseif="1"></mutation>
                    <value name="IF0">
                      <block type="logic_compare" id="rX^e*)OBtp7[Rv1)`B2/">
                        <field name="OP">LT</field>
                        <value name="A">
                          <block type="lists_getIndex" id="AL@RA}cqkr=Z#sPTXH8C">
                            <mutation statement="false" at="true"></mutation>
                            <field name="MODE">GET</field>
                            <field name="WHERE">FROM_END</field>
                            <value name="VALUE">
                              <block type="variables_get" id="Gmh|}~=u@L[f5n^8yq#I">
                                <field name="VAR" id="M91itssy3iET4~c?aIla" variabletype="">[fxl] Input Line 1</field>
                              </block>
                            </value>
                            <value name="AT">
                              <block type="math_number" id="R|fsNin(H?CG?gT-X5+U">
                                <field name="NUM">2</field>
                              </block>
                            </value>
                          </block>
                        </value>
                        <value name="B">
                          <block type="lists_getIndex" id="LY0n2_0=Os0h3udfjUJF">
                            <mutation statement="false" at="true"></mutation>
                            <field name="MODE">GET</field>
                            <field name="WHERE">FROM_END</field>
                            <value name="VALUE">
                              <block type="variables_get" id="@cWewQ-P0H$7Ua,hh1Lw">
                                <field name="VAR" id="vIhR9;rU|4Oz#9gjRH!d" variabletype="">[fxl] Input Line 2</field>
                              </block>
                            </value>
                            <value name="AT">
                              <block type="math_number" id="33@H70dO63@%rXIvorh@">
                                <field name="NUM">2</field>
                              </block>
                            </value>
                          </block>
                        </value>
                      </block>
                    </value>
                    <statement name="DO0">
                      <block type="variables_set" id="C=9O!mgCI3.-mxKWV-Ue">
                        <field name="VAR" id="aqxJ4b(VbaKKVL[J;72p" variabletype="">fxl:CROSS</field>
                        <value name="VALUE">
                          <block type="math_number" id="%=oNV=0qn()^!~75^6aB">
                            <field name="NUM">1</field>
                          </block>
                        </value>
                      </block>
                    </statement>
                    <value name="IF1">
                      <block type="logic_operation" id="rU.^gRvQYjM$#i06+,3c" inline="false">
                        <field name="OP">AND</field>
                        <value name="A">
                          <block type="logic_compare" id="DpTTZCG}-A)WC-MkFisw">
                            <field name="OP">EQ</field>
                            <value name="A">
                              <block type="lists_getIndex" id="zy^0Kd;o4u4u6?}46ieA">
                                <mutation statement="false" at="true"></mutation>
                                <field name="MODE">GET</field>
                                <field name="WHERE">FROM_END</field>
                                <value name="VALUE">
                                  <block type="variables_get" id="Q$-4]8bL3xrMZAKd^7(Y">
                                    <field name="VAR" id="M91itssy3iET4~c?aIla" variabletype="">[fxl] Input Line 1</field>
                                  </block>
                                </value>
                                <value name="AT">
                                  <block type="math_number" id="pPKF86zbW($.!bf]Bq:Q">
                                    <field name="NUM">2</field>
                                  </block>
                                </value>
                              </block>
                            </value>
                            <value name="B">
                              <block type="lists_getIndex" id=";;7LIL_zgIiD%#%|}K^D">
                                <mutation statement="false" at="true"></mutation>
                                <field name="MODE">GET</field>
                                <field name="WHERE">FROM_END</field>
                                <value name="VALUE">
                                  <block type="variables_get" id="Kd6`yEs(+RrWHtl}nI3%">
                                    <field name="VAR" id="vIhR9;rU|4Oz#9gjRH!d" variabletype="">[fxl] Input Line 2</field>
                                  </block>
                                </value>
                                <value name="AT">
                                  <block type="math_number" id="bB6?7EwxOc1#IL.A}`+]">
                                    <field name="NUM">2</field>
                                  </block>
                                </value>
                              </block>
                            </value>
                          </block>
                        </value>
                        <value name="B">
                          <block type="logic_compare" id="=EC0mLHT4s.7p`f(ouYg">
                            <field name="OP">LT</field>
                            <value name="A">
                              <block type="lists_getIndex" id="jb:d@eU^{qJXS3U}a^SS">
                                <mutation statement="false" at="true"></mutation>
                                <field name="MODE">GET</field>
                                <field name="WHERE">FROM_END</field>
                                <value name="VALUE">
                                  <block type="variables_get" id="N^`go$`7oQ8YI:i8`/R#">
                                    <field name="VAR" id="M91itssy3iET4~c?aIla" variabletype="">[fxl] Input Line 1</field>
                                  </block>
                                </value>
                                <value name="AT">
                                  <block type="math_number" id="e:gvShDb-cQ7_vD[%/#)">
                                    <field name="NUM">3</field>
                                  </block>
                                </value>
                              </block>
                            </value>
                            <value name="B">
                              <block type="lists_getIndex" id="g:vlZcg4jSWIkWqH)BS?">
                                <mutation statement="false" at="true"></mutation>
                                <field name="MODE">GET</field>
                                <field name="WHERE">FROM_END</field>
                                <value name="VALUE">
                                  <block type="variables_get" id="q]d7T{UW1RsM~Y;Mc$=.">
                                    <field name="VAR" id="vIhR9;rU|4Oz#9gjRH!d" variabletype="">[fxl] Input Line 2</field>
                                  </block>
                                </value>
                                <value name="AT">
                                  <block type="math_number" id="4$H{plBmjudQ7NqJ6@Kl">
                                    <field name="NUM">3</field>
                                  </block>
                                </value>
                              </block>
                            </value>
                          </block>
                        </value>
                      </block>
                    </value>
                    <statement name="DO1">
                      <block type="variables_set" id="xCB2OxmBf6L|!^%A.BDA">
                        <field name="VAR" id="aqxJ4b(VbaKKVL[J;72p" variabletype="">fxl:CROSS</field>
                        <value name="VALUE">
                          <block type="math_number" id="Ltqld64p*E}Gjp}bOnhl">
                            <field name="NUM">1</field>
                          </block>
                        </value>
                      </block>
                    </statement>
                  </block>
                </statement>
                <value name="IF1">
                  <block type="logic_compare" id="}`o,k}N993xj7j]@I+6t">
                    <field name="OP">LT</field>
                    <value name="A">
                      <block type="lists_getIndex" id="*aa8AK^7Q]b/.yhM]ct|">
                        <mutation statement="false" at="true"></mutation>
                        <field name="MODE">GET</field>
                        <field name="WHERE">FROM_END</field>
                        <value name="VALUE">
                          <block type="variables_get" id="C`V=X(D^HxvOq`8a/kl-">
                            <field name="VAR" id="M91itssy3iET4~c?aIla" variabletype="">[fxl] Input Line 1</field>
                          </block>
                        </value>
                        <value name="AT">
                          <block type="math_number" id="w}mhYa.6Yt?CXbijpx/_">
                            <field name="NUM">1</field>
                          </block>
                        </value>
                      </block>
                    </value>
                    <value name="B">
                      <block type="lists_getIndex" id="M9?qDyylAPmbakE!:bPD">
                        <mutation statement="false" at="true"></mutation>
                        <field name="MODE">GET</field>
                        <field name="WHERE">FROM_END</field>
                        <value name="VALUE">
                          <block type="variables_get" id="U7Gb?I/-[:`6R[a3#-;M">
                            <field name="VAR" id="vIhR9;rU|4Oz#9gjRH!d" variabletype="">[fxl] Input Line 2</field>
                          </block>
                        </value>
                        <value name="AT">
                          <block type="math_number" id="BevEL2Q43J!:~9.0z}ke">
                            <field name="NUM">1</field>
                          </block>
                        </value>
                      </block>
                    </value>
                  </block>
                </value>
                <statement name="DO1">
                  <block type="controls_if" id="Lb]FSHPF@oltCk;]78Qm">
                    <mutation elseif="1"></mutation>
                    <value name="IF0">
                      <block type="logic_compare" id="k!b=-BnWI61ELo6z)_:%">
                        <field name="OP">GT</field>
                        <value name="A">
                          <block type="lists_getIndex" id="s0X7v[av*Cv%SDPl~IA/">
                            <mutation statement="false" at="true"></mutation>
                            <field name="MODE">GET</field>
                            <field name="WHERE">FROM_END</field>
                            <value name="VALUE">
                              <block type="variables_get" id="L`)TA;vX?+_FLf%26{^=">
                                <field name="VAR" id="M91itssy3iET4~c?aIla" variabletype="">[fxl] Input Line 1</field>
                              </block>
                            </value>
                            <value name="AT">
                              <block type="math_number" id="$3gzPtxK2v5vbsFdMMGc">
                                <field name="NUM">2</field>
                              </block>
                            </value>
                          </block>
                        </value>
                        <value name="B">
                          <block type="lists_getIndex" id="t[Iag}%(oeS]b/VM/(#X">
                            <mutation statement="false" at="true"></mutation>
                            <field name="MODE">GET</field>
                            <field name="WHERE">FROM_END</field>
                            <value name="VALUE">
                              <block type="variables_get" id="T^BwKX,^1vEr?2k~}WE.">
                                <field name="VAR" id="vIhR9;rU|4Oz#9gjRH!d" variabletype="">[fxl] Input Line 2</field>
                              </block>
                            </value>
                            <value name="AT">
                              <block type="math_number" id="RvE_eF?^/?si@OQlM$Jp">
                                <field name="NUM">2</field>
                              </block>
                            </value>
                          </block>
                        </value>
                      </block>
                    </value>
                    <statement name="DO0">
                      <block type="variables_set" id="E6idD84Gufob^(u-?%L*">
                        <field name="VAR" id="aqxJ4b(VbaKKVL[J;72p" variabletype="">fxl:CROSS</field>
                        <value name="VALUE">
                          <block type="math_number" id="mqk{C3n(++mfbK2q/A5I">
                            <field name="NUM">-1</field>
                          </block>
                        </value>
                      </block>
                    </statement>
                    <value name="IF1">
                      <block type="logic_operation" id="ZxX:bzzH~^KRI2hK`8:e" inline="false">
                        <field name="OP">AND</field>
                        <value name="A">
                          <block type="logic_compare" id="9R=rjm+OQQUL]SeKyM~V">
                            <field name="OP">EQ</field>
                            <value name="A">
                              <block type="lists_getIndex" id="u[Ta1}YR2fOJ(7*M:DUL">
                                <mutation statement="false" at="true"></mutation>
                                <field name="MODE">GET</field>
                                <field name="WHERE">FROM_END</field>
                                <value name="VALUE">
                                  <block type="variables_get" id="@jQoDBsiZVjc3$-gR(m?">
                                    <field name="VAR" id="M91itssy3iET4~c?aIla" variabletype="">[fxl] Input Line 1</field>
                                  </block>
                                </value>
                                <value name="AT">
                                  <block type="math_number" id="G_{70jlr5kUU_eN)?];#">
                                    <field name="NUM">2</field>
                                  </block>
                                </value>
                              </block>
                            </value>
                            <value name="B">
                              <block type="lists_getIndex" id="~PC%!3vO.q^}Wz~=ckN_">
                                <mutation statement="false" at="true"></mutation>
                                <field name="MODE">GET</field>
                                <field name="WHERE">FROM_END</field>
                                <value name="VALUE">
                                  <block type="variables_get" id="8,gfnTmULf%)u{R,,su3">
                                    <field name="VAR" id="vIhR9;rU|4Oz#9gjRH!d" variabletype="">[fxl] Input Line 2</field>
                                  </block>
                                </value>
                                <value name="AT">
                                  <block type="math_number" id="ASw8u!_leO-hxspbqfC_">
                                    <field name="NUM">2</field>
                                  </block>
                                </value>
                              </block>
                            </value>
                          </block>
                        </value>
                        <value name="B">
                          <block type="logic_compare" id="`B-yp*3J@M6R@W+tEW7q">
                            <field name="OP">GT</field>
                            <value name="A">
                              <block type="lists_getIndex" id="@w%xI(dof^oK9h9B[?,+">
                                <mutation statement="false" at="true"></mutation>
                                <field name="MODE">GET</field>
                                <field name="WHERE">FROM_END</field>
                                <value name="VALUE">
                                  <block type="variables_get" id="T)KG-fcuP|kp5)0:}^U]">
                                    <field name="VAR" id="M91itssy3iET4~c?aIla" variabletype="">[fxl] Input Line 1</field>
                                  </block>
                                </value>
                                <value name="AT">
                                  <block type="math_number" id="kUxdAa3(XlGIV9WMfb4(">
                                    <field name="NUM">3</field>
                                  </block>
                                </value>
                              </block>
                            </value>
                            <value name="B">
                              <block type="lists_getIndex" id="2?Q4f=Ud_^xd?|y[mo]B">
                                <mutation statement="false" at="true"></mutation>
                                <field name="MODE">GET</field>
                                <field name="WHERE">FROM_END</field>
                                <value name="VALUE">
                                  <block type="variables_get" id="Q6eJ6q1E:)d$%jjJkHn%">
                                    <field name="VAR" id="vIhR9;rU|4Oz#9gjRH!d" variabletype="">[fxl] Input Line 2</field>
                                  </block>
                                </value>
                                <value name="AT">
                                  <block type="math_number" id="ybjnfFtZ?s{PIs21d{x4">
                                    <field name="NUM">3</field>
                                  </block>
                                </value>
                              </block>
                            </value>
                          </block>
                        </value>
                      </block>
                    </value>
                    <statement name="DO1">
                      <block type="variables_set" id="AE/|6qfw}wy1btIcS5qt">
                        <field name="VAR" id="aqxJ4b(VbaKKVL[J;72p" variabletype="">fxl:CROSS</field>
                        <value name="VALUE">
                          <block type="math_number" id="E9MPC_*ubC+B4)$~I3Kz">
                            <field name="NUM">-1</field>
                          </block>
                        </value>
                      </block>
                    </statement>
                  </block>
                </statement>
              </block>
            </statement>
          </block>
        </next>
      </block>
    </statement>
  </block>
  <block type="procedures_defreturn" id="Jk6+?KlxP}te1.Ps#Tl^" collapsed="true" x="0" y="212">
    <field name="NAME">[fxl] CROSS-UP</field>
    <comment pinned="false" h="80" w="160">CROSS-Lines by MPSU</comment>
    <value name="RETURN">
      <block type="math_number_property" id="L9{S~P+O.7FCtJuxVI8!">
        <mutation divisor_input="false"></mutation>
        <field name="PROPERTY">POSITIVE</field>
        <value name="NUMBER_TO_CHECK">
          <shadow type="math_number" id="E{k^jA:B)vo@k.9J]$HO">
            <field name="NUM">0</field>
          </shadow>
          <block type="variables_get" id="5pz3qUe8Wrk2GW0nDq#P">
            <field name="VAR" id="aqxJ4b(VbaKKVL[J;72p" variabletype="">fxl:CROSS</field>
          </block>
        </value>
      </block>
    </value>
  </block>
  <block type="procedures_defreturn" id="$dou.eg/U?d6ZVs2xjt_" collapsed="true" x="0" y="265">
    <field name="NAME">[fxl] CROSS-DOWN</field>
    <comment pinned="false" h="80" w="160">CROSS-Lines by MPSU</comment>
    <value name="RETURN">
      <block type="math_number_property" id="EDh@N0B`r2,Sb]m[=;$S">
        <mutation divisor_input="false"></mutation>
        <field name="PROPERTY">NEGATIVE</field>
        <value name="NUMBER_TO_CHECK">
          <shadow type="math_number" id="E{k^jA:B)vo@k.9J]$HO">
            <field name="NUM">0</field>
          </shadow>
          <block type="variables_get" id="NKSGOP9|]AmmTq#?B(-7">
            <field name="VAR" id="aqxJ4b(VbaKKVL[J;72p" variabletype="">fxl:CROSS</field>
          </block>
        </value>
      </block>
    </value>
  </block>
  <block type="trade" id="xgH69|xFn9=70w.*3Vo@" x="0" y="318">
    <field name="MARKET_LIST">forex</field>
    <field name="SUBMARKET_LIST">major_pairs</field>
    <field name="SYMBOL_LIST">frxGBPJPY</field>
    <field name="TRADETYPECAT_LIST">callput</field>
    <field name="TRADETYPE_LIST">risefall</field>
    <field name="TYPE_LIST">both</field>
    <field name="CANDLEINTERVAL_LIST">60</field>
    <field name="TIME_MACHINE_ENABLED">FALSE</field>
    <field name="RESTARTONERROR">TRUE</field>
    <statement name="INITIALIZATION">
      <block type="procedures_callnoreturn" id="YJsGjN1W^RHJM.*6t01U">
        <mutation name="(1) MPSU's Management">
          <arg name="_Target_Profit_"></arg>
          <arg name="_Stop_Loss_"></arg>
          <arg name="_First_Stake_"></arg>
          <arg name="_Martingale_Factor_"></arg>
          <arg name="_Martingale_Level_"></arg>
          <arg name="_Martingale_Start_After_"></arg>
        </mutation>
        <value name="ARG0">
          <block type="math_number" id="pr^kbSP9DpBQUR*wYmiN">
            <field name="NUM">0</field>
          </block>
        </value>
        <value name="ARG1">
          <block type="math_number" id="wa4fAQl05D^}eVZMSh//">
            <field name="NUM">150</field>
          </block>
        </value>
        <value name="ARG2">
          <block type="math_number" id="4gmE|st{^{Ezikh_rgOw">
            <field name="NUM">0.50</field>
          </block>
        </value>
        <value name="ARG3">
          <block type="math_number" id="^WHD0nu~%vi:op^L=CEA">
            <field name="NUM">1.1</field>
          </block>
        </value>
        <value name="ARG4">
          <block type="math_number" id="D-!tVMk7}{kC%4QsI%oQ">
            <field name="NUM">15</field>
          </block>
        </value>
        <value name="ARG5">
          <block type="math_number" id="Uu;CG0+e!5|$!QGdk?rb">
            <field name="NUM">1</field>
          </block>
        </value>
      </block>
    </statement>
    <statement name="SUBMARKET">
      <block type="tradeOptions" id="x=V33~4Lb|(sLv`J[:Eb">
        <field name="DURATIONTYPE_LIST">m</field>
        <field name="CURRENCY_LIST">USD</field>
        <value name="DURATION">
          <shadow type="math_number" id="O*@58sDc=!cOO}*b2vf9">
            <field name="NUM">2</field>
          </shadow>
        </value>
        <value name="AMOUNT">
          <shadow type="math_number" id="ml)25~7^q}3I9}vjf:%K">
            <field name="NUM">1</field>
          </shadow>
          <block type="procedures_callreturn" id="`G-uveO`^.Bqe_uo{-$7">
            <mutation name="MPSU's stake"></mutation>
          </block>
        </value>
      </block>
    </statement>
  </block>
  <block type="before_purchase" id="i-CIx.(Onm4?ihxzA}Y]" collapsed="true" x="0" y="895">
    <statement name="BEFOREPURCHASE_STACK">
      <block type="controls_if" id=")+8aVKTFH5xT7]h!IeDN">
        <value name="IF0">
          <block type="procedures_callreturn" id="!{m#eSoT3f!|qbS|6p/m">
            <mutation name="[fxl] CROSS-UP"></mutation>
          </block>
        </value>
        <statement name="DO0">
          <block type="controls_if" id="u4]~N05xdw+U.[}a??Dl">
            <value name="IF0">
              <block type="logic_negate" id=".ZA/G%HvRk*jVb|yF+z;">
                <value name="BOOL">
                  <block type="is_candle_black" id=".:)V@4y:;9ay{U1y5,rd">
                    <value name="OHLCOBJ">
                      <block type="get_ohlc" id="+K~Cz16`B){N6hB+DfBM">
                        <field name="CANDLEINTERVAL_LIST">60</field>
                        <value name="CANDLEINDEX">
                          <shadow type="math_number" id=".CLVZ*HqcaVxbo?pkp_K">
                            <field name="NUM">1</field>
                          </shadow>
                        </value>
                      </block>
                    </value>
                  </block>
                </value>
              </block>
            </value>
            <statement name="DO0">
              <block type="controls_if" id="#mSalUjhLDZ3*S@@;dFN">
                <value name="IF0">
                  <block type="logic_operation" id="~Yf2SH1%`V|X0,dZ6o@2">
                    <field name="OP">AND</field>
                    <value name="A">
                      <block type="logic_compare" id="Nw],}~15]4kE%cLq%1$C">
                        <field name="OP">GTE</field>
                        <value name="A">
                          <block type="variables_get" id="7!.rr:oSrCNE^gw7|/4-">
                            <field name="VAR" id="!2!V@7]Za?P9`mYY=),*" variabletype="">RSI</field>
                          </block>
                        </value>
                        <value name="B">
                          <block type="math_number" id="rM5Z+9P76?fm2D`.e|h2">
                            <field name="NUM">55</field>
                          </block>
                        </value>
                      </block>
                    </value>
                    <value name="B">
                      <block type="logic_compare" id="txYZ0[-uz89*#=;zL!vS">
                        <field name="OP">LTE</field>
                        <value name="A">
                          <block type="variables_get" id="T*E_}670NfJiPY,vg^%2">
                            <field name="VAR" id="!2!V@7]Za?P9`mYY=),*" variabletype="">RSI</field>
                          </block>
                        </value>
                        <value name="B">
                          <block type="math_number" id=",ug0ub,b%Y+%]{x5%z1V">
                            <field name="NUM">70</field>
                          </block>
                        </value>
                      </block>
                    </value>
                  </block>
                </value>
                <statement name="DO0">
                  <block type="purchase" id="TXmuz*S;cZBvWz(T#0pF">
                    <field name="PURCHASE_LIST">CALL</field>
                  </block>
                </statement>
              </block>
            </statement>
          </block>
        </statement>
        <next>
          <block type="controls_if" id="MWx)#`D[){O(8del[}rV">
            <value name="IF0">
              <block type="procedures_callreturn" id="h.$hD%NnXnO$7|vi)-aW">
                <mutation name="[fxl] CROSS-DOWN"></mutation>
              </block>
            </value>
            <statement name="DO0">
              <block type="controls_if" id="~1zlc[}nc]~n]5|o?AO~">
                <value name="IF0">
                  <block type="is_candle_black" id="Z.y4{8Y0GRfK+7?kJkcZ">
                    <value name="OHLCOBJ">
                      <block type="get_ohlc" id="KcTxfqj9D(I+epqU?Cv!">
                        <field name="CANDLEINTERVAL_LIST">60</field>
                        <value name="CANDLEINDEX">
                          <shadow type="math_number" id="h8V.+8+i`[qNpeRf[Crw">
                            <field name="NUM">1</field>
                          </shadow>
                        </value>
                      </block>
                    </value>
                  </block>
                </value>
                <statement name="DO0">
                  <block type="controls_if" id="_xbn4KJzC!`t}Wwfr-DK">
                    <value name="IF0">
                      <block type="logic_operation" id="N9L|PpqHsDq,ga`??UEb">
                        <field name="OP">AND</field>
                        <value name="A">
                          <block type="logic_compare" id="^Fic.cT;D)bW+q?zdAbz">
                            <field name="OP">LTE</field>
                            <value name="A">
                              <block type="variables_get" id="@cE,n^tR;fCI6T}B}cn,">
                                <field name="VAR" id="!2!V@7]Za?P9`mYY=),*" variabletype="">RSI</field>
                              </block>
                            </value>
                            <value name="B">
                              <block type="math_number" id=".j]J%Sy(zdl0X,Yf_0(;">
                                <field name="NUM">45</field>
                              </block>
                            </value>
                          </block>
                        </value>
                        <value name="B">
                          <block type="logic_compare" id="ga+qh)i%[OL;SzlG*yYb">
                            <field name="OP">GTE</field>
                            <value name="A">
                              <block type="variables_get" id="G1l]OU$`Mb[s38A^:EZ7">
                                <field name="VAR" id="!2!V@7]Za?P9`mYY=),*" variabletype="">RSI</field>
                              </block>
                            </value>
                            <value name="B">
                              <block type="math_number" id="%dI5vl;_[2HvF$wJ;g63">
                                <field name="NUM">20</field>
                              </block>
                            </value>
                          </block>
                        </value>
                      </block>
                    </value>
                    <statement name="DO0">
                      <block type="purchase" id="_-e+S]n@/_RnM6n-MiOJ">
                        <field name="PURCHASE_LIST">PUT</field>
                      </block>
                    </statement>
                  </block>
                </statement>
              </block>
            </statement>
          </block>
        </next>
      </block>
    </statement>
  </block>
  <block type="during_purchase" id="(4;NieXd}j|Bn!c-YiC|" collapsed="true" x="0" y="948">
    <statement name="DURING_PURCHASE_STACK">
      <block type="controls_if" id="8?eYKAW%VczmRXQ-ou3r">
        <value name="IF0">
          <block type="check_sell" id="M=:_KpEeRAJY_}XTU^8~"></block>
        </value>
      </block>
    </statement>
  </block>
  <block type="after_purchase" id="D^Jz1^n=2vtZku1vBN@;" collapsed="true" x="0" y="1001">
    <statement name="AFTERPURCHASE_STACK">
      <block type="controls_if" id="D=0]XddOH;H~T.`NBy*j">
        <mutation else="1"></mutation>
        <value name="IF0">
          <block type="contract_check_result" id="(|K=TCCSFRNgx(]JTfVN">
            <field name="CHECK_RESULT">win</field>
          </block>
        </value>
        <statement name="DO0">
          <block type="notify" id="pbz`j~x36.%@rv7P3ruK">
            <field name="NOTIFICATION_TYPE">success</field>
            <field name="NOTIFICATION_SOUND">earned-money</field>
            <value name="MESSAGE">
              <shadow type="text" id="5iY9Iko5S6LQ2)9aC+:x">
                <field name="TEXT">abc</field>
              </shadow>
              <block type="text_join" id="=2MVkKD]cd$vpL,R=xL2">
                <mutation items="2"></mutation>
                <value name="ADD0">
                  <block type="text" id="5y8@?#k2gxyPB4JZ}gF.">
                    <field name="TEXT"></field>
                  </block>
                </value>
                <value name="ADD1">
                  <block type="read_details" id=";]SN@8eaYleey#}MC/$S">
                    <field name="DETAIL_INDEX">4</field>
                  </block>
                </value>
              </block>
            </value>
          </block>
        </statement>
        <statement name="ELSE">
          <block type="notify" id="BvZa0K[P#.Mtk3g^@lF8">
            <field name="NOTIFICATION_TYPE">warn</field>
            <field name="NOTIFICATION_SOUND">severe-error</field>
            <value name="MESSAGE">
              <shadow type="text" id="5iY9Iko5S6LQ2)9aC+:x">
                <field name="TEXT">abc</field>
              </shadow>
              <block type="text_join" id=")aM}6YJCsL[Abn=7SghT">
                <mutation items="2"></mutation>
                <value name="ADD0">
                  <block type="text" id="`Bk!|bnvgK=LAfkqnnKk">
                    <field name="TEXT"></field>
                  </block>
                </value>
                <value name="ADD1">
                  <block type="read_details" id="z!4hbJ]|w|V}XC}-]nY1">
                    <field name="DETAIL_INDEX">4</field>
                  </block>
                </value>
              </block>
            </value>
          </block>
        </statement>
        <next>
          <block type="controls_if" id="q*W4Fv=kHhnawNn|y=#9">
            <value name="IF0">
              <block type="procedures_callreturn" id="JMaQ33hUqNXLhL{A#hMa">
                <mutation name="(4) MPSU Trade again">
                  <arg name="put [Result is Win] here"></arg>
                  <arg name="put [Contract Detail : profit] here"></arg>
                </mutation>
                <value name="ARG0">
                  <block type="contract_check_result" id="4/v}S=eURVQ|agkdHS6P">
                    <field name="CHECK_RESULT">win</field>
                  </block>
                </value>
                <value name="ARG1">
                  <block type="read_details" id="rG^)PQQuMiXl}9H~I,v9">
                    <field name="DETAIL_INDEX">4</field>
                  </block>
                </value>
              </block>
            </value>
            <statement name="DO0">
              <block type="trade_again" id="5i016@ZsTA+LUBw,],+i"></block>
            </statement>
          </block>
        </next>
      </block>
    </statement>
  </block>
  <block type="tick_analysis" id="]Dg^2jJv./%z`,VV=A:8" collapsed="true" x="0" y="1054">
    <statement name="TICKANALYSIS_STACK">
      <block type="controls_if" id="3f][9?JWKp{[*o-G$k36">
        <mutation else="1"></mutation>
        <value name="IF0">
          <block type="check_direction" id="_=K0FjOOhH[lT^{Mn|qp">
            <field name="CHECK_DIRECTION">rise</field>
          </block>
        </value>
        <statement name="DO0">
          <block type="notify" id="3Ad0Vq-3{Rx_@noszc1f">
            <field name="NOTIFICATION_TYPE">success</field>
            <field name="NOTIFICATION_SOUND">silent</field>
            <value name="MESSAGE">
              <shadow type="text" id="#{j-@lo}$`Hg04*EnGDp">
                <field name="TEXT">abc</field>
              </shadow>
              <block type="tick" id="5:~!rDb^M8)F7`vn.HB."></block>
            </value>
          </block>
        </statement>
        <statement name="ELSE">
          <block type="controls_if" id="%STuXGjsQM!L#SVI{o8W">
            <value name="IF0">
              <block type="check_direction" id="hS6u9hFb:J-9Oi1HU29?">
                <field name="CHECK_DIRECTION">fall</field>
              </block>
            </value>
            <statement name="DO0">
              <block type="notify" id="C=b7pmI}hhy2[+blt$g~">
                <field name="NOTIFICATION_TYPE">error</field>
                <field name="NOTIFICATION_SOUND">silent</field>
                <value name="MESSAGE">
                  <shadow type="text" id="#{j-@lo}$`Hg04*EnGDp">
                    <field name="TEXT">abc</field>
                  </shadow>
                  <block type="tick" id="?Qp@!~gt{?MJeQt,CK2T"></block>
                </value>
              </block>
            </statement>
          </block>
        </statement>
        <next>
          <block type="procedures_callnoreturn" id="m,|*miQ_Vk]l+l#p@+xm">
            <mutation name="MPSU's CROSS-Lines Satu">
              <arg name="[fxl] Input Line 1"></arg>
              <arg name="[fxl] Input Line 2"></arg>
            </mutation>
            <value name="ARG0">
              <block type="emaa" id="k{(W.r-XfOJ}sW$![NHQ">
                <value name="INPUT">
                  <block type="ohlc_values_in_list" id="dcCxa{wN%v{Sv5$+JJKU">
                    <field name="OHLCFIELD_LIST">close</field>
                    <value name="OHLCLIST">
                      <block type="ohlc" id="65B-9@10JBQw*czchWj9">
                        <field name="CANDLEINTERVAL_LIST">60</field>
                      </block>
                    </value>
                  </block>
                </value>
                <value name="PERIOD">
                  <shadow type="math_number" id="Se~iQXyH`1%BUNf8?EmO">
                    <field name="NUM">7</field>
                  </shadow>
                </value>
              </block>
            </value>
            <value name="ARG1">
              <block type="smaa" id="fa-W15.q)R:chYKT[Af]">
                <value name="INPUT">
                  <block type="ohlc_values_in_list" id="9qn..U}:N200|fAn~$/=">
                    <field name="OHLCFIELD_LIST">close</field>
                    <value name="OHLCLIST">
                      <block type="ohlc" id="*f_h~wCi6Oo52OE-QEJB">
                        <field name="CANDLEINTERVAL_LIST">60</field>
                      </block>
                    </value>
                  </block>
                </value>
                <value name="PERIOD">
                  <shadow type="math_number" id="_6~Y{J[^`Sv`wkDr-s.N">
                    <field name="NUM">18</field>
                  </shadow>
                </value>
              </block>
            </value>
            <next>
              <block type="controls_if" id="A:|`+jqDT8#.w]L4fTcY">
                <value name="IF0">
                  <block type="procedures_callreturn" id="Cjj?F6KfQaVTo_qRFX+x">
                    <mutation name="[fxl] CROSS-UP"></mutation>
                  </block>
                </value>
                <statement name="DO0">
                  <block type="notify" id="N~3OBi(%]3q.6/L74I}y">
                    <field name="NOTIFICATION_TYPE">info</field>
                    <field name="NOTIFICATION_SOUND">announcement</field>
                    <value name="MESSAGE">
                      <shadow type="text" id="Af?7wrvSmST;@Se:u.K+">
                        <field name="TEXT">CROSS UP EMA 7 VS SMA 18</field>
                      </shadow>
                    </value>
                    <next>
                      <block type="variables_set" id="HzH.~~YFd$q-01DgKXVZ">
                        <field name="VAR" id="kH.id)x]kb9Eap!taZm)" variabletype="">OP</field>
                        <value name="VALUE">
                          <block type="text" id="Qutl~7L,|%6Q]^d[vDr!">
                            <field name="TEXT">RENDAH</field>
                          </block>
                        </value>
                      </block>
                    </next>
                  </block>
                </statement>
                <next>
                  <block type="controls_if" id="PL{_)/d@E,2$!=,SEfb`">
                    <value name="IF0">
                      <block type="procedures_callreturn" id="gGW|TcZ~eR]9xGdD:oNs">
                        <mutation name="[fxl] CROSS-DOWN"></mutation>
                      </block>
                    </value>
                    <statement name="DO0">
                      <block type="notify" id="mE`w1iJ]`3q3u2z+yW-x">
                        <field name="NOTIFICATION_TYPE">error</field>
                        <field name="NOTIFICATION_SOUND">announcement</field>
                        <value name="MESSAGE">
                          <shadow type="text" id="8A(1J?-/oHHBt8)ENh;b">
                            <field name="TEXT">CROSS DOWN EMA 7 VS SMA 18</field>
                          </shadow>
                        </value>
                        <next>
                          <block type="variables_set" id="0RfoAePN[%Wq2^~N}h5%">
                            <field name="VAR" id="kH.id)x]kb9Eap!taZm)" variabletype="">OP</field>
                            <value name="VALUE">
                              <block type="text" id="h}8/jL19Voke~9TfQ#;:">
                                <field name="TEXT">TINGGI</field>
                              </block>
                            </value>
                          </block>
                        </next>
                      </block>
                    </statement>
                    <next>
                      <block type="variables_set" id=";?1XtBn,q+;1}?sd9YWi">
                        <field name="VAR" id="!2!V@7]Za?P9`mYY=),*" variabletype="">RSI</field>
                        <value name="VALUE">
                          <block type="rsi" id="R%be1|px!oUz~?]:@b33">
                            <value name="INPUT">
                              <block type="ohlc_values_in_list" id="d6K_4.d47E`u_8(]s0|N">
                                <field name="OHLCFIELD_LIST">close</field>
                                <value name="OHLCLIST">
                                  <block type="ohlc" id="iOXq++$zE:HK8ag|D@Qo">
                                    <field name="CANDLEINTERVAL_LIST">60</field>
                                  </block>
                                </value>
                              </block>
                            </value>
                            <value name="PERIOD">
                              <shadow type="math_number" id="4gO5{l2hI@c$n4iUp,/@">
                                <field name="NUM">10</field>
                              </shadow>
                            </value>
                          </block>
                        </value>
                        <next>
                          <block type="notify" id="2_od;j-R(?A*~pL3L~Pe">
                            <field name="NOTIFICATION_TYPE">warn</field>
                            <field name="NOTIFICATION_SOUND">silent</field>
                            <value name="MESSAGE">
                              <shadow type="text" id="5UFHsih!O|3?]ZwA-KS_">
                                <field name="TEXT">abc</field>
                              </shadow>
                              <block type="variables_get" id="BJpN}RSPiO?*rL#H~!)g">
                                <field name="VAR" id="!2!V@7]Za?P9`mYY=),*" variabletype="">RSI</field>
                              </block>
                            </value>
                          </block>
                        </next>
                      </block>
                    </next>
                  </block>
                </next>
              </block>
            </next>
          </block>
        </next>
      </block>
    </statement>
  </block>
</xml>