<xml xmlns="http://www.w3.org/1999/xhtml" collection="false">
  <variables>
    <variable id="l0QzSxARlfOj[Bh^PC|P" type="">Initial</variable>
    <variable id="m;iq?ty;j{FCy6dUQ2l`" type="">HourlyMax</variable>
    <variable id="%+5M+mHNQ{y?1Eabgm~d" type="">Stake</variable>
    <variable id=")ZP:$sOu[N+|?w/|Uw}M" type="">CurrentHoursWinnings</variable>
    <variable id="74./,HG!qor***%gSfE(" type="">StartTime</variable>
  </variables>
  <block id="xgH69|xFn9=70w.*3Vo@" type="trade" x="260" y="-36">
    <field name="MARKET_LIST">forex</field>
    <field name="SUBMARKET_LIST">smart_fx</field>
    <field name="SYMBOL_LIST">WLDAUD</field>
    <field name="TRADETYPECAT_LIST">callput</field>
    <field name="TRADETYPE_LIST">risefall</field>
    <field name="TYPE_LIST">both</field>
    <field name="CANDLEINTERVAL_LIST">60</field>
    <field name="TIME_MACHINE_ENABLED">FALSE</field>
    <field name="RESTARTONERROR">TRUE</field>
    <statement name="INITIALIZATION">
      <block id=";KS:~sTH*=#la]1D%%8b" type="variables_set">
        <field id="l0QzSxARlfOj[Bh^PC|P" name="VAR" variabletype="">Initial</field>
        <value name="VALUE">
          <block id="4P_RNdQ+G9}:m-L5s/h#" type="math_number">
            <field name="NUM">0.5</field>
          </block>
        </value>
        <next>
          <block id=",/1KdudJ:^+DZ5*DTes}" type="procedures_callnoreturn">
            <mutation name="Reset"></mutation>
          </block>
        </next>
      </block>
    </statement>
    <statement name="SUBMARKET">
      <block id="x=V33~4Lb|(sLv`J[:Eb" type="tradeOptions">
        <field name="DURATIONTYPE_LIST">t</field>
        <field name="CURRENCY_LIST">USD</field>
        <field name="BARRIEROFFSETTYPE_LIST">+</field>
        <field name="SECONDBARRIEROFFSETTYPE_LIST">-</field>
        <value name="DURATION">
          <shadow id="b4tv6A!s27SclF_b]Su8" type="math_number">
            <field name="NUM">5</field>
          </shadow>
        </value>
        <value name="AMOUNT">
          <shadow id="ml)25~7^q}3I9}vjf:%K" type="math_number">
            <field name="NUM">1</field>
          </shadow>
          <block id="T-If_2;ygnOO=fwowo=h" type="variables_get">
            <field id="%+5M+mHNQ{y?1Eabgm~d" name="VAR" variabletype="">Stake</field>
          </block>
        </value>
      </block>
    </statement>
  </block>
  <block id="i-CIx.(Onm4?ihxzA}Y]" type="before_purchase" x="242" y="408">
    <statement name="BEFOREPURCHASE_STACK">
      <block id="K|=6m=$8[d,@n=L1W66d" type="controls_if">
        <mutation else="1"></mutation>
        <value name="IF0">
          <block id="Z]^Jv11S1Mf_9iv/}zs:" type="logic_compare">
            <field name="OP">EQ</field>
            <value name="A">
              <block id="3o}]kk-f4ESdUUhz$x_/" type="math_random_int">
                <value name="FROM">
                  <shadow id="9Fa(+W#?cI{zpt2EfsDC" type="math_number">
                    <field name="NUM">1</field>
                  </shadow>
                </value>
                <value name="TO">
                  <shadow id="OTVebBK-u_eqH$j[QMzy" type="math_number">
                    <field name="NUM">2</field>
                  </shadow>
                </value>
              </block>
            </value>
            <value name="B">
              <block id="TJBL9ysOqmw=Psa18fko" type="math_number">
                <field name="NUM">1</field>
              </block>
            </value>
          </block>
        </value>
        <statement name="DO0">
          <block id="W6q#Z-I3q3d[d3-`S[dS" type="purchase">
            <field name="PURCHASE_LIST">CALL</field>
          </block>
        </statement>
        <statement name="ELSE">
          <block id="Q,No]22Hq~gc~=x{Sc)!" type="purchase">
            <field name="PURCHASE_LIST">PUT</field>
          </block>
        </statement>
      </block>
    </statement>
  </block>
  <block id="bS2n1%tH`0_fpLL%`@=8" type="procedures_defnoreturn" x="642" y="534">
    <field name="NAME">Reset</field>
    <comment w="160" h="80" pinned="false">Describe this function...</comment>
    <statement name="STACK">
      <block id="}fwO{Tr1H,U8K876WK!!" type="variables_set">
        <field id="m;iq?ty;j{FCy6dUQ2l`" name="VAR" variabletype="">HourlyMax</field>
        <value name="VALUE">
          <block id="GxG8|d0/FO7Cl]BU9#QH" type="math_number">
            <field name="NUM">1</field>
          </block>
        </value>
        <next>
          <block id="Z%N3Qa86U]vCUl7a_T4+" type="variables_set">
            <field id=")ZP:$sOu[N+|?w/|Uw}M" name="VAR" variabletype="">CurrentHoursWinnings</field>
            <value name="VALUE">
              <block id="oX%$Iq8?KUj8K%;-#YY1" type="math_number">
                <field name="NUM">0</field>
              </block>
            </value>
            <next>
              <block id="xJK5kRXPOO#u|A+`4]A`" type="variables_set">
                <field id="%+5M+mHNQ{y?1Eabgm~d" name="VAR" variabletype="">Stake</field>
                <value name="VALUE">
                  <block id="s[[.f]a-LXj;^I9=v$wI" type="variables_get">
                    <field id="l0QzSxARlfOj[Bh^PC|P" name="VAR" variabletype="">Initial</field>
                  </block>
                </value>
                <next>
                  <block id="n%Aoz?,h;ItXnWz4VgRZ" type="variables_set">
                    <field id="74./,HG!qor***%gSfE(" name="VAR" variabletype="">StartTime</field>
                    <value name="VALUE">
                      <block id="x~%7NYL`Zm2K@w|87G~K" type="epoch"></block>
                    </value>
                  </block>
                </next>
              </block>
            </next>
          </block>
        </next>
      </block>
    </statement>
  </block>
  <block id="7.c{9+KM23hJGtWd;0P." type="procedures_defnoreturn" x="658" y="755">
    <field name="NAME">Quick Martingale</field>
    <comment w="160" h="80" pinned="false">Describe this function...</comment>
    <statement name="STACK">
      <block id="Dx6iRM@W2gKv90*3Y`GB" type="math_change">
        <field id="%+5M+mHNQ{y?1Eabgm~d" name="VAR" variabletype="">Stake</field>
        <value name="DELTA">
          <shadow id="d1P}2030frfXZ]R:c]y#" type="math_number">
            <field name="NUM">1</field>
          </shadow>
          <block id="kbw*jx,l|sLfRiq~_TG." type="variables_get">
            <field id="%+5M+mHNQ{y?1Eabgm~d" name="VAR" variabletype="">Stake</field>
          </block>
        </value>
      </block>
    </statement>
  </block>
  <block id="D^Jz1^n=2vtZku1vBN@;" type="after_purchase" x="218" y="808">
    <statement name="AFTERPURCHASE_STACK">
      <block id=".TPTLRH~5-;k7YA4zy#~" type="controls_if">
        <mutation else="1"></mutation>
        <value name="IF0">
          <block id="D(/F7%0KNZHCGYgXc2Y}" type="contract_check_result">
            <field name="CHECK_RESULT">win</field>
          </block>
        </value>
        <statement name="DO0">
          <block id="$:1NF5|uq?8pQGp24,j~" type="math_change">
            <field id=")ZP:$sOu[N+|?w/|Uw}M" name="VAR" variabletype="">CurrentHoursWinnings</field>
            <value name="DELTA">
              <shadow id="6YESpjJ[eQ$kI/35Rc5)" type="math_number">
                <field name="NUM">1</field>
              </shadow>
              <block id="EFk%#AVh?a`{e2N@{ytU" type="read_details">
                <field name="DETAIL_INDEX">4</field>
              </block>
            </value>
            <next>
              <block id="H1my4-9G9K16,Ob7fl7C" type="controls_if">
                <value name="IF0">
                  <block id="i+s8@@69WCz}|3]z6.a7" type="logic_compare">
                    <field name="OP">GTE</field>
                    <value name="A">
                      <block id="MB4XIPYbeS6W|?`Yr;@J" type="variables_get">
                        <field id=")ZP:$sOu[N+|?w/|Uw}M" name="VAR" variabletype="">CurrentHoursWinnings</field>
                      </block>
                    </value>
                    <value name="B">
                      <block id="}s*OwLG6{sa#:Dkep$RU" type="variables_get">
                        <field id="m;iq?ty;j{FCy6dUQ2l`" name="VAR" variabletype="">HourlyMax</field>
                      </block>
                    </value>
                  </block>
                </value>
                <statement name="DO0">
                  <block id="Da5TTA.GP=FrQvN}Gpq_" type="notify">
                    <field name="NOTIFICATION_TYPE">success</field>
                    <field name="NOTIFICATION_SOUND">silent</field>
                    <value name="MESSAGE">
                      <shadow id="N!S2Ms7Kl?N*JUgCa;uF" type="text">
                        <field name="TEXT">Won! Waiting....</field>
                      </shadow>
                    </value>
                    <next>
                      <block id="3!vNH7Dz+d[}.@L[(/5m" type="timeout">
                        <statement name="TIMEOUTSTACK">
                          <block id="H+C2)MWCG;4zOSTd!Ma~" type="procedures_callnoreturn">
                            <mutation name="Reset"></mutation>
                          </block>
                        </statement>
                        <value name="SECONDS">
                          <shadow id="gK#BKnADt(-$96SztAqR" type="math_number">
                            <field name="NUM">1</field>
                          </shadow>
                          <block id="!Dq-WN+NsoQ4L:V~%1oN" type="math_arithmetic">
                            <field name="OP">MINUS</field>
                            <value name="A">
                              <shadow id="i$[E5xM01(t=MspP{Yl+" type="math_number">
                                <field name="NUM">3600</field>
                              </shadow>
                            </value>
                            <value name="B">
                              <shadow id="Z5c`%Zi5zFQ_/28{n9L$" type="math_number">
                                <field name="NUM">1</field>
                              </shadow>
                              <block id="QMNt%+~V=ZCVnu}2k#OS" type="math_arithmetic">
                                <field name="OP">MINUS</field>
                                <value name="A">
                                  <shadow id="i$[E5xM01(t=MspP{Yl+" type="math_number">
                                    <field name="NUM">1</field>
                                  </shadow>
                                  <block id="OQ9]#hCz{(XX$*$,`@PT" type="epoch"></block>
                                </value>
                                <value name="B">
                                  <shadow id="Z5c`%Zi5zFQ_/28{n9L$" type="math_number">
                                    <field name="NUM">1</field>
                                  </shadow>
                                  <block id="4uxV_i{,hlqaHt2A_7)]" type="variables_get">
                                    <field id="74./,HG!qor***%gSfE(" name="VAR" variabletype="">StartTime</field>
                                  </block>
                                </value>
                              </block>
                            </value>
                          </block>
                        </value>
                      </block>
                    </next>
                  </block>
                </statement>
              </block>
            </next>
          </block>
        </statement>
        <statement name="ELSE">
          <block id=".*_^@SO%mqQ|.b@Hi9Nw" type="math_change">
            <field id=")ZP:$sOu[N+|?w/|Uw}M" name="VAR" variabletype="">CurrentHoursWinnings</field>
            <value name="DELTA">
              <shadow id="6YESpjJ[eQ$kI/35Rc5)" type="math_number">
                <field name="NUM">1</field>
              </shadow>
              <block id=")aW#[,-]C69q#![i66ZH" type="math_single">
                <field name="OP">NEG</field>
                <value name="NUM">
                  <shadow id="`2NX*G_(-B!=$8g:Il/b" type="math_number">
                    <field name="NUM">9</field>
                  </shadow>
                  <block id="2Tm+FPdDRa1jBxT{p(Ee" type="variables_get">
                    <field id="%+5M+mHNQ{y?1Eabgm~d" name="VAR" variabletype="">Stake</field>
                  </block>
                </value>
              </block>
            </value>
            <next>
              <block id="#_)$NB@rZb3B,xxN@@4Z" type="procedures_callnoreturn">
                <mutation name="Quick Martingale"></mutation>
              </block>
            </next>
          </block>
        </statement>
        <next>
          <block id="x,e)56eV!Z;nX+DzOZ!x" type="notify">
            <field name="NOTIFICATION_TYPE">success</field>
            <field name="NOTIFICATION_SOUND">silent</field>
            <value name="MESSAGE">
              <shadow id="#es71Z4Y]XN#r5!;;k9k" type="text">
                <field name="TEXT">Won! Waiting....</field>
              </shadow>
              <block id="6;q.0z`U}/]F;;|r8ahJ" type="text_join">
                <mutation items="2"></mutation>
                <value name="ADD0">
                  <block id=",XOlfcNx3%WH[DQ$di-}" type="text">
                    <field name="TEXT">Current Hours' Winnings :  </field>
                  </block>
                </value>
                <value name="ADD1">
                  <block id="11XVZ0(+^fkcg5IJ2]c6" type="variables_get">
                    <field id=")ZP:$sOu[N+|?w/|Uw}M" name="VAR" variabletype="">CurrentHoursWinnings</field>
                  </block>
                </value>
              </block>
            </value>
            <next>
              <block id="c)S|KjoQdXc8l#J@5z3P" type="trade_again"></block>
            </next>
          </block>
        </next>
      </block>
    </statement>
  </block>
</xml>